n,h0,tau_S,tau_relax,tau_min,faster_than_relax,bound_violated,R_safe
0,0.01,0.29907448717445867,1.3480119766882377,0.183764442726519,true,false,0.29819999999999997
1,0.01,0.29939248422411724,1.3480119766882377,0.183764442726519,true,false,0.9900333333333333
2,0.01,0.6494546406646616,1.3480119766882377,0.183764442726519,true,false,0.9783666666666666
3,0.01,1.657279741137546,1.3480119766882377,0.183764442726519,false,false,0.9447666666666666
4,0.01,1.705730577041394,1.3480119766882377,0.183764442726519,false,false,0.9431666666666667
5,0.01,1.7382357214822155,1.3480119766882377,0.183764442726519,false,false,0.9420333333333333
6,0.01,1.9533614785732454,1.3480119766882377,0.183764442726519,false,false,0.9349000000000001
7,0.01,1.9588576912018523,1.3480119766882377,0.183764442726519,false,false,0.9347
8,0.01,1.9442981475815424,1.3480119766882377,0.183764442726519,false,false,0.9351666666666667
9,0.01,1.727447947204708,1.3480119766882377,0.183764442726519,false,false,0.9424333333333333
10,0.01,1.6541661043209117,1.3480119766882377,0.183764442726519,false,false,0.9448333333333333
0,0.02,0.2938972239437888,1.322237867684818,0.17846782463212515,true,false,0.29806666666666665
1,0.02,0.29415628487413104,1.322237867684818,0.17846782463212515,true,false,0.9901666666666668
2,0.02,0.6387307668662987,1.322237867684818,0.17846782463212515,true,false,0.9787
3,0.02,1.657240165717038,1.322237867684818,0.17846782463212515,false,false,0.9447666666666666
4,0.02,1.7057362420963569,1.322237867684818,0.17846782463212515,false,false,0.9431666666666667
5,0.02,1.738312674467546,1.322237867684818,0.17846782463212515,false,false,0.9420333333333333
6,0.02,1.941463729241965,1.322237867684818,0.17846782463212515,false,false,0.9353
7,0.02,1.9463362144134437,1.322237867684818,0.17846782463212515,false,false,0.9351
8,0.02,1.931748519643872,1.322237867684818,0.17846782463212515,false,false,0.9356333333333333
9,0.02,1.727447996836967,1.322237867684818,0.17846782463212515,false,false,0.9424333333333333
10,0.02,1.6598496576213586,1.322237867684818,0.17846782463212515,false,false,0.9447
0,0.03,0.2886564165724124,1.2959211061875278,0.17314866766945214,true,false,0.29819999999999997
1,0.03,0.28940259044409633,1.2959211061875278,0.17314866766945214,true,false,0.9903666666666667
2,0.03,0.6254868046571394,1.2959211061875278,0.17314866766945214,true,false,0.9791666666666666
3,0.03,1.6572000709140693,1.2959211061875278,0.17314866766945214,false,false,0.9447666666666666
4,0.03,1.7057629467555258,1.2959211061875278,0.17314866766945214,false,false,0.9431666666666667
5,0.03,1.7378475007654106,1.2959211061875278,0.17314866766945214,false,false,0.9421
6,0.03,1.7576979255286505,1.2959211061875278,0.17314866766945214,false,false,0.9414333333333335
7,0.03,1.7649195871248626,1.2959211061875278,0.17314866766945214,false,false,0.9411666666666666
8,0.03,1.7711410720677028,1.2959211061875278,0.17314866766945214,false,false,0.9409666666666666
9,0.03,1.7199479697156332,1.2959211061875278,0.17314866766945214,false,false,0.9427000000000001
10,0.03,1.6076786697775916,1.2959211061875278,0.17314866766945214,false,false,0.9464333333333333
0,0.04,0.28334876913373064,1.2690383496613233,0.16780677919772474,true,false,0.29806666666666665
1,0.04,0.28374667415014165,1.2690383496613233,0.16780677919772474,true,false,0.9905666666666667
2,0.04,0.6136226763322111,1.2690383496613233,0.16780677919772474,true,false,0.9795666666666667
3,0.04,1.6571986395997558,1.2690383496613233,0.16780677919772474,false,false,0.9447666666666666
4,0.04,1.706276590223952,1.2690383496613233,0.16780677919772474,false,false,0.9430999999999999
5,0.04,1.7381817518394393,1.2690383496613233,0.16780677919772474,false,false,0.9420333333333333
6,0.04,1.757654457905458,1.2690383496613233,0.16780677919772474,false,false,0.9414333333333335
7,0.04,1.7649132769240328,1.2690383496613233,0.16780677919772474,false,false,0.9411666666666666
8,0.04,1.7718797222114577,1.2690383496613233,0.16780677919772474,false,false,0.9409666666666666
9,0.04,1.7076060489323681,1.2690383496613233,0.16780677919772474,false,false,0.9430999999999999
10,0.04,1.6117560288273125,1.2690383496613233,0.16780677919772474,false,false,0.9463
0,0.05,0.27797004920511925,1.2415647162628543,0.1624419640957984,true,false,0.298
1,0.05,0.278383324966251,1.2415647162628543,0.1624419640957984,true,false,0.9907
2,0.05,0.6002764649105415,1.2415647162628543,0.1624419640957984,true,false,0.9799666666666667
3,0.05,1.6572340225350428,1.2415647162628543,0.1624419640957984,false,false,0.9447666666666666
4,0.05,1.7057363544508932,1.2415647162628543,0.1624419640957984,false,false,0.9431666666666667
5,0.05,1.7382852802539641,1.2415647162628543,0.1624419640957984,false,false,0.9420333333333333
6,0.05,1.7576540647753984,1.2415647162628543,0.1624419640957984,false,false,0.9414333333333335
7,0.05,1.7651578575581433,1.2415647162628543,0.1624419640957984,false,false,0.9411666666666666
8,0.05,1.7711371733153078,1.2415647162628543,0.1624419640957984,false,false,0.9409666666666666
9,0.05,1.7275066734600815,1.2415647162628543,0.1624419640957984,false,false,0.9424333333333333
10,0.05,1.661203371326419,1.2415647162628543,0.1624419640957984,false,false,0.9446333333333334
0,0.06,0.2725143167562638,1.2134736464477809,0.15705402471939556,true,false,0.29793333333333333
1,0.06,0.2730958431816551,1.2134736464477809,0.15705402471939556,true,false,0.9909
2,0.06,0.5875421753529412,1.2134736464477809,0.15705402471939556,true,false,0.9804333333333334
3,0.06,1.6571994262757241,1.2134736464477809,0.15705402471939556,false,false,0.9447666666666666
4,0.06,1.7057609919900876,1.2134736464477809,0.15705402471939556,false,false,0.9431666666666667
5,0.06,1.7382976528963965,1.2134736464477809,0.15705402471939556,false,false,0.9420333333333333
6,0.06,1.7571247646919703,1.2134736464477809,0.15705402471939556,false,false,0.9414333333333335
7,0.06,1.7651751490393344,1.2134736464477809,0.15705402471939556,false,false,0.9411666666666666
8,0.06,1.7758612717739461,1.2134736464477809,0.15705402471939556,false,false,0.9408333333333334
9,0.06,1.7393864527870275,1.2134736464477809,0.15705402471939556,false,false,0.9420333333333333
10,0.06,1.5237861660905891,1.2134736464477809,0.15705402471939556,false,false,0.9492333333333334
0,0.07,0.2669773359996954,1.1847367486669076,0.15164276085741354,true,false,0.298
1,0.07,0.2674019022583273,1.1847367486669076,0.15164276085741354,true,false,0.9911
2,0.07,0.5724402944835199,1.1847367486669076,0.15164276085741354,true,false,0.9809
3,0.07,1.657235436748387,1.1847367486669076,0.15164276085741354,false,false,0.9447666666666666
4,0.07,1.7057387833433793,1.1847367486669076,0.15164276085741354,false,false,0.9431666666666667
5,0.07,1.7381828477406576,1.1847367486669076,0.15164276085741354,false,false,0.9420333333333333
6,0.07,1.757645259201937,1.1847367486669076,0.15164276085741354,false,false,0.9414333333333335
7,0.07,1.765174572064408,1.1847367486669076,0.15164276085741354,false,false,0.9411666666666666
8,0.07,1.7711406571602362,1.1847367486669076,0.15164276085741354,false,false,0.9409666666666666
9,0.07,1.7393815188066197,1.1847367486669076,0.15164276085741354,false,false,0.9420333333333333
10,0.07,1.5999659065660061,1.1847367486669076,0.15164276085741354,false,false,0.9467
0,0.08,0.2613534311557943,1.155323626904165,0.14620796968728453,true,false,0.29793333333333333
1,0.08,0.2617506907475718,1.155323626904165,0.14620796968728453,true,false,0.9913000000000001
2,0.08,0.5574951611303273,1.155323626904165,0.14620796968728453,true,false,0.9814333333333334
3,0.08,1.6571909023151306,1.155323626904165,0.14620796968728453,false,false,0.9447666666666666
4,0.08,1.7057594048863447,1.155323626904165,0.14620796968728453,false,false,0.9431666666666667
5,0.08,1.7382525561744888,1.155323626904165,0.14620796968728453,false,false,0.9420333333333333
6,0.08,1.7576576486967173,1.155323626904165,0.14620796968728453,false,false,0.9414333333333335
7,0.08,1.7671559046140473,1.155323626904165,0.14620796968728453,false,false,0.9411
8,0.08,1.7718767501342245,1.155323626904165,0.14620796968728453,false,false,0.9409666666666666
9,0.08,1.7124190070637793,1.155323626904165,0.14620796968728453,false,false,0.9429
10,0.08,1.5978269729898813,1.155323626904165,0.14620796968728453,false,false,0.9467666666666668
0,0.09,0.25563628877406847,1.1252016874303392,0.1407494457293589,true,false,0.298
1,0.09,0.25577012414075045,1.1252016874303392,0.1407494457293589,true,false,0.9915
2,0.09,0.5396621349819714,1.1252016874303392,0.1407494457293589,true,false,0.9820333333333334
3,0.09,0.7962539765575453,1.1252016874303392,0.1407494457293589,true,false,0.9734333333333333
4,0.09,1.7062953166203432,1.1252016874303392,0.1407494457293589,false,false,0.9430999999999999
5,0.09,1.7382254600100906,1.1252016874303392,0.1407494457293589,false,false,0.9420333333333333
6,0.09,1.757121564067533,1.1252016874303392,0.1407494457293589,false,false,0.9414333333333335
7,0.09,1.764917637119769,1.1252016874303392,0.1407494457293589,false,false,0.9411666666666666
8,0.09,1.7711680828452985,1.1252016874303392,0.1407494457293589,false,false,0.9409666666666666
9,0.09,1.7199477273048631,1.1252016874303392,0.1407494457293589,false,false,0.9427000000000001
10,0.09,1.5059171199577233,1.1252016874303392,0.1407494457293589,false,false,0.9498333333333334
0,0.1,0.24981894751508307,1.094335921692375,0.13526698080029098,true,false,0.29786666666666667
1,0.1,0.24996748933404156,1.094335921692375,0.13526698080029098,true,false,0.9917
2,0.1,0.5196673485805137,1.094335921692375,0.13526698080029098,true,false,0.9827
3,0.1,0.7398264316566292,1.094335921692375,0.13526698080029098,true,false,0.9753666666666666
4,0.1,1.6116059070545068,1.094335921692375,0.13526698080029098,false,false,0.9463
5,0.1,1.7039634512795525,1.094335921692375,0.13526698080029098,false,false,0.9432333333333334
6,0.1,1.7458436431491884,1.094335921692375,0.13526698080029098,false,false,0.9418333333333333
7,0.1,1.7491285178355542,1.094335921692375,0.13526698080029098,false,false,0.9417000000000001
8,0.1,1.7711482111693753,1.094335921692375,0.13526698080029098,false,false,0.9409666666666666
9,0.1,1.6942901952366756,1.094335921692375,0.13526698080029098,false,false,0.9435
10,0.1,1.4887012919226292,1.094335921692375,0.13526698080029098,false,false,0.9503666666666667
0,0.11,0.2438937177645195,1.0626886617120124,0.12976036396539542,true,false,0.298
1,0.11,0.24425821439089843,1.0626886617120124,0.12976036396539542,true,false,0.9918333333333333
2,0.11,0.493509141153783,1.0626886617120124,0.12976036396539542,true,false,0.9835666666666667
3,0.11,0.699825232027873,1.0626886617120124,0.12976036396539542,true,false,0.9767
4,0.11,1.611637333520897,1.0626886617120124,0.12976036396539542,false,false,0.9463
5,0.11,1.623676485530826,1.0626886617120124,0.12976036396539542,false,false,0.9459
6,0.11,1.7187249223013863,1.0626886617120124,0.12976036396539542,false,false,0.9427000000000001
7,0.11,1.725857887338831,1.0626886617120124,0.12976036396539542,false,false,0.9425000000000001
8,0.11,1.722211356196834,1.0626886617120124,0.12976036396539542,false,false,0.9425666666666667
9,0.11,1.6797998064692168,1.0626886617120124,0.12976036396539542,false,false,0.9440333333333334
10,0.11,1.2574775933819269,1.0626886617120124,0.12976036396539542,false,false,0.9581000000000001
0,0.12,0.23785208891320708,1.0302193037079368,0.124229381489951,true,false,0.29773333333333335
1,0.12,0.2380152223107367,1.0302193037079368,0.124229381489951,true,false,0.9920333333333333
2,0.12,0.4596089953757363,1.0302193037079368,0.124229381489951,true,false,0.9847
3,0.12,0.6579075452653304,1.0302193037079368,0.124229381489951,true,false,0.9781
4,0.12,1.6117617487998268,1.0302193037079368,0.124229381489951,false,false,0.9463
5,0.12,1.6236583778447709,1.0302193037079368,0.124229381489951,false,false,0.9459
6,0.12,1.6300235125543314,1.0302193037079368,0.124229381489951,false,false,0.9456333333333333
7,0.12,1.6337696693198729,1.0302193037079368,0.124229381489951,false,false,0.9455666666666667
8,0.12,1.6346219154175832,1.0302193037079368,0.124229381489951,false,false,0.9455000000000001
9,0.12,1.61562315913334,1.0302193037079368,0.124229381489951,false,false,0.9461666666666667
10,0.12,1.076745040065483,1.0302193037079368,0.124229381489951,false,false,0.9641000000000001
0,0.13,0.23168462204589318,0.9968839948552349,0.11867381678942088,true,false,0.29786666666666667
1,0.13,0.23182154035842814,0.9968839948552349,0.11867381678942088,true,false,0.9923000000000001
2,0.13,0.42530571312048443,0.9968839948552349,0.11867381678942088,true,false,0.9858333333333333
3,0.13,0.6180684715577516,0.9968839948552349,0.11867381678942088,true,false,0.9793666666666667
4,0.13,0.7706956449982068,0.9968839948552349,0.11867381678942088,true,false,0.9742999999999999
5,0.13,1.6236576202033894,0.9968839948552349,0.11867381678942088,false,false,0.9459
6,0.13,1.6300261614830047,0.9968839948552349,0.11867381678942088,false,false,0.9456333333333333
7,0.13,1.6344073236752523,0.9968839948552349,0.11867381678942088,false,false,0.9455000000000001
8,0.13,1.634620008634977,0.9968839948552349,0.11867381678942088,false,false,0.9455000000000001
9,0.13,1.6073251849188706,0.9968839948552349,0.11867381678942088,false,false,0.9464333333333333
10,0.13,1.0439618794679522,0.9968839948552349,0.11867381678942088,false,false,0.9652333333333334
0,0.14,0.2253808252963074,0.9626352771200921,0.11309345037856398,true,false,0.29793333333333333
1,0.14,0.2257814072637419,0.9626352771200921,0.11309345037856398,true,false,0.9925
2,0.14,0.3914982370176474,0.9626352771200921,0.11309345037856398,true,false,0.9869666666666668
3,0.14,0.5837674637848957,0.9626352771200921,0.11309345037856398,true,false,0.9805666666666667
4,0.14,0.7205503236742736,0.9626352771200921,0.11309345037856398,true,false,0.9759666666666666
5,0.14,1.5851752876139726,0.9626352771200921,0.11309345037856398,false,false,0.9471666666666666
6,0.14,1.6157753048382377,0.9626352771200921,0.11309345037856398,false,false,0.9461666666666667
7,0.14,1.633767341566171,0.9626352771200921,0.11309345037856398,false,false,0.9455666666666667
8,0.14,1.6333133441548622,0.9626352771200921,0.11309345037856398,false,false,0.9455666666666667
9,0.14,1.586619678214284,0.9626352771200921,0.11309345037856398,false,false,0.9471
10,0.14,0.991234747608928,0.9626352771200921,0.11309345037856398,false,false,0.9669666666666666
0,0.15,0.21892900852035477,0.9274216809117214,0.10748805981940314,true,false,0.298
1,0.15,0.2193255599770781,0.9274216809117214,0.10748805981940314,true,false,0.9927
2,0.15,0.35773989007880913,0.9274216809117214,0.10748805981940314,true,false,0.9881
3,0.15,0.5469169383685879,0.9274216809117214,0.10748805981940314,true,false,0.9817666666666667
4,0.15,0.6756388881762605,0.9274216809117214,0.10748805981940314,true,false,0.9774999999999999
5,0.15,0.769939493959245,0.9274216809117214,0.10748805981940314,true,false,0.9743666666666667
6,0.15,1.5859054743502483,0.9274216809117214,0.10748805981940314,false,false,0.9471666666666666
7,0.15,1.5856418343976926,0.9274216809117214,0.10748805981940314,false,false,0.9471666666666666
8,0.15,1.6179291177300807,0.9274216809117214,0.10748805981940314,false,false,0.9460999999999999
9,0.15,1.5603605686786644,0.9274216809117214,0.10748805981940314,false,false,0.9479666666666666
10,0.15,0.9259471607006056,0.9274216809117214,0.10748805981940314,true,false,0.9691666666666666
0,0.16,0.21231611317878485,0.8911872598201562,0.10185741966802261,true,false,0.29806666666666665
1,0.16,0.2129615509904207,0.8911872598201562,0.10185741966802261,true,false,0.9929
2,0.16,0.32548743614623926,0.8911872598201562,0.10185741966802261,true,false,0.9891666666666666
3,0.16,0.5091494575089242,0.8911872598201562,0.10185741966802261,true,false,0.9830333333333333
4,0.16,0.6362743060480497,0.8911872598201562,0.10185741966802261,true,false,0.9787666666666667
5,0.16,0.7214161389169891,0.8911872598201562,0.10185741966802261,true,false,0.9759666666666666
6,0.16,0.7711083322980676,0.8911872598201562,0.10185741966802261,true,false,0.9742999999999999
7,0.16,0.8005542651989439,0.8911872598201562,0.10185741966802261,true,false,0.9733
8,0.16,1.5664136569291855,0.8911872598201562,0.10185741966802261,false,false,0.9477666666666666
9,0.16,1.5583321816970446,0.8911872598201562,0.10185741966802261,false,false,0.9480333333333333
10,0.16,0.8601885551566978,0.8911872598201562,0.10185741966802261,true,false,0.9712999999999999
0,0.17,0.20552514041680717,0.8538710558830546,0.09620130142016049,true,false,0.29813333333333336
1,0.17,0.20564799125520192,0.8538710558830546,0.09620130142016049,true,false,0.9931666666666668
2,0.17,0.2923816035289665,0.8538710558830546,0.09620130142016049,true,false,0.9902333333333334
3,0.17,0.4738633688035627,0.8538710558830546,0.09620130142016049,true,false,0.9842333333333334
4,0.17,0.5988290853956333,0.8538710558830546,0.09620130142016049,true,false,0.9800333333333333
5,0.17,0.6811475442473571,0.8538710558830546,0.09620130142016049,true,false,0.9773
6,0.17,0.7270346380067855,0.8538710558830546,0.09620130142016049,true,false,0.9757666666666667
7,0.17,0.7514183948091133,0.8538710558830546,0.09620130142016049,true,false,0.9749666666666668
8,0.17,0.7529493280823562,0.8538710558830546,0.09620130142016049,true,false,0.9749
9,0.17,0.8048070595289283,0.8538710558830546,0.09620130142016049,true,false,0.9731666666666666
10,0.17,0.8126878121606582,0.8538710558830546,0.09620130142016049,true,false,0.9729
0,0.18,0.19853902113787258,0.8154064825496127,0.0905194734555671,true,false,0.29806666666666665
1,0.18,0.19912207622147143,0.8154064825496127,0.0905194734555671,true,false,0.9933666666666667
2,0.18,0.26147311658027944,0.8154064825496127,0.0905194734555671,true,false,0.9913000000000001
3,0.18,0.437479544934904,0.8154064825496127,0.0905194734555671,true,false,0.9854333333333334
4,0.18,0.5598563238688048,0.8154064825496127,0.0905194734555671,true,false,0.9813666666666666
5,0.18,0.6450263824070743,0.8154064825496127,0.0905194734555671,true,false,0.9785
6,0.18,0.6852850253980391,0.8154064825496127,0.0905194734555671,true,false,0.9771666666666667
7,0.18,0.7015178821681867,0.8154064825496127,0.0905194734555671,true,false,0.9766333333333334
8,0.18,0.7111532803927973,0.8154064825496127,0.0905194734555671,true,false,0.9763000000000001
9,0.18,0.741344908381813,0.8154064825496127,0.0905194734555671,true,false,0.9753000000000001
10,0.18,0.7642032677322355,0.8154064825496127,0.0905194734555671,true,false,0.9745
0,0.19,0.19133659979527864,0.7757206096563871,0.08481170098109055,true,false,0.29819999999999997
1,0.19,0.19171806692752583,0.7757206096563871,0.08481170098109055,true,false,0.9936333333333334
2,0.19,0.23154392419899109,0.7757206096563871,0.08481170098109055,true,false,0.9923000000000001
3,0.19,0.4017972701851609,0.7757206096563871,0.08481170098109055,true,false,0.9866333333333334
4,0.19,0.5217063792119344,0.7757206096563871,0.08481170098109055,true,false,0.9826333333333334
5,0.19,0.6073528560036119,0.7757206096563871,0.08481170098109055,true,false,0.9797666666666667
6,0.19,0.6468077742189917,0.7757206096563871,0.08481170098109055,true,false,0.9784333333333334
7,0.19,0.6595437828065026,0.7757206096563871,0.08481170098109055,true,false,0.9780333333333334
8,0.19,0.674553761136641,0.7757206096563871,0.08481170098109055,true,false,0.9774999999999999
9,0.19,0.6904361873210095,0.7757206096563871,0.08481170098109055,true,false,0.9769666666666666
10,0.19,0.7082124095626524,0.7757206096563871,0.08481170098109055,true,false,0.9763666666666667
0,0.2,0.18389451170154664,0.7347333311276486,0.07907774597245816,true,false,0.29813333333333336
1,0.2,0.18422080663007145,0.7347333311276486,0.07907774597245816,true,false,0.9938333333333333
2,0.2,0.205522556517148,0.7347333311276486,0.07907774597245816,true,false,0.9931666666666668
3,0.2,0.3696152514660266,0.7347333311276486,0.07907774597245816,true,false,0.9877
4,0.2,0.4859535526334133,0.7347333311276486,0.07907774597245816,true,false,0.9838333333333333
5,0.2,0.5637220654058612,0.7347333311276486,0.07907774597245816,true,false,0.9812333333333334
6,0.2,0.6076136855891103,0.7347333311276486,0.07907774597245816,true,false,0.9797666666666667
7,0.2,0.6232989447328003,0.7347333311276486,0.07907774597245816,true,false,0.9792333333333333
8,0.2,0.6272999191647959,0.7347333311276486,0.07907774597245816,true,false,0.9791000000000001
9,0.2,0.6673754693803297,0.7347333311276486,0.07907774597245816,true,false,0.9777666666666668
10,0.2,0.683423603588504,0.7347333311276486,0.07907774597245816,true,false,0.9772333333333333
0,0.21,0.17618102198300162,0.6923563915330472,0.07331736711471529,true,false,0.29813333333333336
1,0.21,0.17653323288532796,0.6923563915330472,0.07331736711471529,true,false,0.9941
2,0.21,0.1833720202765205,0.6923563915330472,0.07331736711471529,true,false,0.9939
3,0.21,0.34042979195385964,0.6923563915330472,0.07331736711471529,true,false,0.9886333333333333
4,0.21,0.4512899449181115,0.6923563915330472,0.07331736711471529,true,false,0.9849666666666667
5,0.21,0.524161992355495,0.6923563915330472,0.07331736711471529,true,false,0.9825
6,0.21,0.5626468577255103,0.6923563915330472,0.07331736711471529,true,false,0.9812333333333334
7,0.21,0.5791728709186803,0.6923563915330472,0.07331736711471529,true,false,0.9807
8,0.21,0.583108483247619,0.6923563915330472,0.07331736711471529,true,false,0.9805666666666667
9,0.21,0.6075474436879276,0.6923563915330472,0.07331736711471529,true,false,0.9797666666666667
10,0.21,0.6373934972371484,0.6923563915330472,0.07331736711471529,true,false,0.9787666666666667
0,0.22,0.16816221022809655,0.6484922417689595,0.06753031974128765,true,false,0.2982666666666667
1,0.22,0.16847355488816732,0.6484922417689595,0.06753031974128765,true,false,0.9943666666666666
2,0.22,0.1691674504608112,0.6484922417689595,0.06753031974128765,true,false,0.9943666666666666
3,0.22,0.3173942382661603,0.6484922417689595,0.06753031974128765,true,false,0.9894333333333333
4,0.22,0.423902974492016,0.6484922417689595,0.06753031974128765,true,false,0.9859000000000001
5,0.22,0.4931878753672052,0.6484922417689595,0.06753031974128765,true,false,0.9835666666666667
6,0.22,0.5294413419021679,0.6484922417689595,0.06753031974128765,true,false,0.9823666666666667
7,0.22,0.5431768784508272,0.6484922417689595,0.06753031974128765,true,false,0.9819
8,0.22,0.5491931696821978,0.6484922417689595,0.06753031974128765,true,false,0.9817
9,0.22,0.5717287827134705,0.6484922417689595,0.06753031974128765,true,false,0.9809666666666668
10,0.22,0.6022012373516413,0.6484922417689595,0.06753031974128765,true,false,0.9799000000000001
0,0.23,0.15979429662697164,0.6030326865553659,0.06171635577162405,true,false,0.2985333333333333
1,0.23,0.1599352438944157,0.6030326865553659,0.06171635577162405,true,false,0.9947
2,0.23,0.1599352438944157,0.6030326865553659,0.06171635577162405,true,false,0.9947
3,0.23,0.30345355336551727,0.6030326865553659,0.06171635577162405,true,false,0.9899
4,0.23,0.4012130955069278,0.6030326865553659,0.06171635577162405,true,false,0.9866333333333334
5,0.23,0.463881537358914,0.6030326865553659,0.06171635577162405,true,false,0.9845666666666666
6,0.23,0.4935509266158115,0.6030326865553659,0.06171635577162405,true,false,0.9835666666666667
7,0.23,0.5015572090947773,0.6030326865553659,0.06171635577162405,true,false,0.9833000000000001
8,0.23,0.5101459793553068,0.6030326865553659,0.06171635577162405,true,false,0.9829666666666667
9,0.23,0.5290066222327443,0.6030326865553659,0.06171635577162405,true,false,0.9823666666666667
10,0.23,0.5499170556832741,0.6030326865553659,0.06171635577162405,true,false,0.9817
0,0.24,0.151022241420051,0.5558572765768072,0.05587522364738373,true,false,0.2986666666666667
1,0.24,0.15160077717265538,0.5558572765768072,0.05587522364738373,true,false,0.9949666666666667
2,0.24,0.15160077717265538,0.5558572765768072,0.05587522364738373,true,false,0.9949666666666667
3,0.24,0.2877682926319433,0.5558572765768072,0.05587522364738373,true,false,0.9904333333333334
4,0.24,0.367810006201531,0.5558572765768072,0.05587522364738373,true,false,0.9877666666666667
5,0.24,0.4254823600192204,0.5558572765768072,0.05587522364738373,true,false,0.9858333333333333
6,0.24,0.45456158025571036,0.5558572765768072,0.05587522364738373,true,false,0.9848333333333333
7,0.24,0.466936422755589,0.5558572765768072,0.05587522364738373,true,false,0.9844333333333334
8,0.24,0.4604178756691651,0.5558572765768072,0.05587522364738373,true,false,0.9846333333333334
9,0.24,0.48859513518873754,0.5558572765768072,0.05587522364738373,true,false,0.9837
10,0.24,0.515443751989858,0.5558572765768072,0.05587522364738373,true,false,0.9828333333333333
0,0.25,0.1417810018562345,0.5068313851352054,0.05000666826712401,true,false,0.2986666666666667
1,0.25,0.14191889070799651,0.5068313851352054,0.05000666826712401,true,false,0.9953000000000001
2,0.25,0.14191889070799651,0.5068313851352054,0.05000666826712401,true,false,0.9953000000000001
3,0.25,0.26687177038093196,0.5068313851352054,0.05000666826712401,true,false,0.9911
4,0.25,0.33962068760359504,0.5068313851352054,0.05000666826712401,true,false,0.9887
5,0.25,0.38908610164056556,0.5068313851352054,0.05000666826712401,true,false,0.9870333333333333
6,0.25,0.41567422712142366,0.5068313851352054,0.05000666826712401,true,false,0.9861666666666667
7,0.25,0.4236944104633586,0.5068313851352054,0.05000666826712401,true,false,0.9859000000000001
8,0.25,0.42756733701274174,0.5068313851352054,0.05000666826712401,true,false,0.9857666666666667
9,0.25,0.4358563908670234,0.5068313851352054,0.05000666826712401,true,false,0.9855
10,0.25,0.46517270632142915,0.5068313851352054,0.05000666826712401,true,false,0.9845
0,0.26,0.13197754380909968,0.4558038919848865,0.044110430919450355,true,false,0.2988
1,0.26,0.13232903874259055,0.4558038919848865,0.044110430919450355,true,false,0.9955666666666667
2,0.26,0.13232903874259055,0.4558038919848865,0.044110430919450355,true,false,0.9955666666666667
3,0.26,0.2337207478054543,0.4558038919848865,0.044110430919450355,true,false,0.9922333333333333
4,0.26,0.3040973752907425,0.4558038919848865,0.044110430919450355,true,false,0.9898333333333333
5,0.26,0.34987393839139136,0.4558038919848865,0.044110430919450355,true,false,0.9883666666666666
6,0.26,0.37164957383485875,0.4558038919848865,0.044110430919450355,true,false,0.9876333333333334
7,0.26,0.3810017765419749,0.4558038919848865,0.044110430919450355,true,false,0.9873
8,0.26,0.380842795356712,0.4558038919848865,0.044110430919450355,true,false,0.9873
9,0.26,0.39260064031776726,0.4558038919848865,0.044110430919450355,true,false,0.9869
10,0.26,0.42546201911824344,0.4558038919848865,0.044110430919450355,true,false,0.9858333333333333
0,0.27,0.12148791646576981,0.4026043739613916,0.038186249214579596,true,false,0.29893333333333333
1,0.27,0.12188541616006984,0.4026043739613916,0.038186249214579596,true,false,0.9959666666666667
2,0.27,0.12188541616006984,0.4026043739613916,0.038186249214579596,true,false,0.9959666666666667
3,0.27,0.18625009540144652,0.4026043739613916,0.038186249214579596,true,false,0.9937666666666668
4,0.27,0.2553997488295032,0.4026043739613916,0.038186249214579596,true,false,0.9915
5,0.27,0.3016377061298339,0.4026043739613916,0.038186249214579596,true,false,0.9899666666666668
6,0.27,0.32463905753721933,0.4026043739613916,0.038186249214579596,true,false,0.9891666666666666
7,0.27,0.3303438428524402,0.4026043739613916,0.038186249214579596,true,false,0.9889666666666667
8,0.27,0.3423946184214899,0.4026043739613916,0.038186249214579596,true,false,0.9885666666666667
9,0.27,0.347717566545022,0.4026043739613916,0.038186249214579596,true,false,0.9884333333333334
10,0.27,0.3549799515305189,0.4026043739613916,0.038186249214579596,true,false,0.9881666666666666
0,0.28,0.11014703945755042,0.3470396707478492,0.03223385701427492,true,false,0.2992666666666667
1,0.28,0.11038962056066619,0.3470396707478492,0.03223385701427492,true,false,0.9963
2,0.28,0.11038962056066619,0.3470396707478492,0.03223385701427492,true,false,0.9963
3,0.28,0.1413635478316087,0.3470396707478492,0.03223385701427492,true,false,0.9953000000000001
4,0.28,0.20559464800099414,0.3470396707478492,0.03223385701427492,true,false,0.9931666666666668
5,0.28,0.24747454045024084,0.3470396707478492,0.03223385701427492,true,false,0.9917666666666667
6,0.28,0.2775288135547205,0.3470396707478492,0.03223385701427492,true,false,0.9907666666666667
7,0.28,0.2852590796666431,0.3470396707478492,0.03223385701427492,true,false,0.9905
8,0.28,0.28755077028847037,0.3470396707478492,0.03223385701427492,true,false,0.9904333333333334
9,0.28,0.29438056374698535,0.3470396707478492,0.03223385701427492,true,false,0.9901666666666668
10,0.28,0.3152462242506882,0.3470396707478492,0.03223385701427492,true,false,0.9895
0,0.29,0.09769479154658905,0.2888896512042335,0.026252984360104765,true,false,0.29946666666666666
1,0.29,0.09781864362323167,0.2888896512042335,0.026252984360104765,true,false,0.9967666666666667
2,0.29,0.09781864362323167,0.2888896512042335,0.026252984360104765,true,false,0.9967666666666667
3,0.29,0.10375568617159235,0.2888896512042335,0.026252984360104765,true,false,0.9965666666666667
4,0.29,0.1603067248099034,0.2888896512042335,0.026252984360104765,true,false,0.9946333333333334
5,0.29,0.19970032940490282,0.2888896512042335,0.026252984360104765,true,false,0.9933666666666667
6,0.29,0.22551785058057713,0.2888896512042335,0.026252984360104765,true,false,0.9925
7,0.29,0.23296677516047198,0.2888896512042335,0.026252984360104765,true,false,0.9922333333333333
8,0.29,0.23490963248272254,0.2888896512042335,0.026252984360104765,true,false,0.9921666666666666
9,0.29,0.25337639281181196,0.2888896512042335,0.026252984360104765,true,false,0.9915666666666667
10,0.29,0.2553601562226472,0.2888896512042335,0.026252984360104765,true,false,0.9915
0,0.3,0.08372539761655697,0.22790194599244348,0.020243357399976025,true,false,0.2998
1,0.3,0.08384771102548447,0.22790194599244348,0.020243357399976025,true,false,0.9972333333333334
2,0.3,0.08384771102548447,0.22790194599244348,0.020243357399976025,true,false,0.9972333333333334
3,0.3,0.08384771102548447,0.22790194599244348,0.020243357399976025,true,false,0.9972333333333334
4,0.3,0.13161387967415364,0.22790194599244348,0.020243357399976025,true,false,0.9956333333333334
5,0.3,0.16002562487436353,0.22790194599244348,0.020243357399976025,true,false,0.9946333333333334
6,0.3,0.1812593900871393,0.22790194599244348,0.020243357399976025,true,false,0.9939666666666667
7,0.3,0.1915427216897195,0.22790194599244348,0.020243357399976025,true,false,0.9936333333333334
8,0.3,0.1972128614127339,0.22790194599244348,0.020243357399976025,true,false,0.9934333333333334
9,0.3,0.19804217696792206,0.22790194599244348,0.020243357399976025,true,false,0.9933666666666667
10,0.3,0.2040565520558441,0.22790194599244348,0.020243357399976025,true,false,0.9931666666666668
0,0.31,0.06749882093879392,0.16378532800800524,0.014204698312894028,true,false,0.3002
1,0.31,0.0676000620446347,0.16378532800800524,0.014204698312894028,true,false,0.9977666666666667
2,0.31,0.0676000620446347,0.16378532800800524,0.014204698312894028,true,false,0.9977666666666667
3,0.31,0.0676000620446347,0.16378532800800524,0.014204698312894028,true,false,0.9977666666666667
4,0.31,0.09387337761932384,0.16378532800800524,0.014204698312894028,true,false,0.9969
5,0.31,0.1163455357160998,0.16378532800800524,0.014204698312894028,true,false,0.9961
6,0.31,0.1299031710692073,0.16378532800800524,0.014204698312894028,true,false,0.9957
7,0.31,0.13538541047136193,0.16378532800800524,0.014204698312894028,true,false,0.9955
8,0.31,0.1384655274605868,0.16378532800800524,0.014204698312894028,true,false,0.9953666666666667
9,0.31,0.14525647629727073,0.16378532800800524,0.014204698312894028,true,false,0.9951666666666666
10,0.31,0.150872064129889,0.16378532800800524,0.014204698312894028,true,false,0.9949666666666667
0,0.32,0.047393526724018184,0.09620130142016049,0.008136725231895995,true,false,0.3008
1,0.32,0.04768238465604893,0.09620130142016049,0.008136725231895995,true,false,0.9984333333333333
2,0.32,0.04768238465604893,0.09620130142016049,0.008136725231895995,true,false,0.9984333333333333
3,0.32,0.04768238465604893,0.09620130142016049,0.008136725231895995,true,false,0.9984333333333333
4,0.32,0.04782554600249343,0.09620130142016049,0.008136725231895995,true,false,0.9984333333333333
5,0.32,0.06296633476286334,0.09620130142016049,0.008136725231895995,true,false,0.9979
6,0.32,0.07309101855204629,0.09620130142016049,0.008136725231895995,true,false,0.9975666666666666
7,0.32,0.07941311975853316,0.09620130142016049,0.008136725231895995,true,false,0.9973666666666666
8,0.32,0.08040179996912533,0.09620130142016049,0.008136725231895995,true,false,0.9973
9,0.32,0.08499624372597957,0.09620130142016049,0.008136725231895995,true,false,0.9971666666666666
10,0.32,0.08950610531783026,0.09620130142016049,0.008136725231895995,true,false,0.9970333333333333
0,0.33,0.017727868436220838,0.02475328412022466,0.0020391521651051212,true,false,0.3016666666666667
1,0.33,0.01779649619455757,0.02475328412022466,0.0020391521651051212,true,false,0.9994333333333334
2,0.33,0.01779649619455757,0.02475328412022466,0.0020391521651051212,true,false,0.9994333333333334
3,0.33,0.01779649619455757,0.02475328412022466,0.0020391521651051212,true,false,0.9994333333333334
4,0.33,0.01779649619455757,0.02475328412022466,0.0020391521651051212,true,false,0.9994333333333334
5,0.33,0.01779649619455757,0.02475328412022466,0.0020391521651051212,true,false,0.9994333333333334
6,0.33,0.020079670923981826,0.02475328412022466,0.0020391521651051212,true,false,0.9993
7,0.33,0.02169502409466958,0.02475328412022466,0.0020391521651051212,true,false,0.9993
8,0.33,0.022641540651315146,0.02475328412022466,0.0020391521651051212,true,false,0.9992333333333333
9,0.33,0.023144624017447147,0.02475328412022466,0.0020391521651051212,true,false,0.9992333333333333
10,0.33,0.023665626833895042,0.02475328412022466,0.0020391521651051212,true,false,0.9992333333333333
0,0.67,1.1583084190228359,0.024753284120224935,0.0020391521651051212,false,false,0.2926
1,0.67,1.158990461240225,0.024753284120224935,0.0020391521651051212,false,false,0.9613666666666667
2,0.67,0.9487689488693914,0.024753284120224935,0.0020391521651051212,false,false,0.9683666666666667
3,0.67,0.8716387000372231,0.024753284120224935,0.0020391521651051212,false,false,0.9709666666666668
4,0.67,0.8262291897375152,0.024753284120224935,0.0020391521651051212,false,false,0.9724333333333334
5,0.67,0.7996324453854522,0.024753284120224935,0.0020391521651051212,false,false,0.9733666666666667
6,0.67,0.7838956241028687,0.024753284120224935,0.0020391521651051212,false,false,0.9739000000000001
7,0.67,0.78250469388879,0.024753284120224935,0.0020391521651051212,false,false,0.9739000000000001
8,0.67,0.7800173927288941,0.024753284120224935,0.0020391521651051212,false,false,0.9739666666666668
9,0.67,0.03044016697368272,0.024753284120224935,0.0020391521651051212,false,false,0.9989666666666667
10,0.67,0.025228931753032147,0.024753284120224935,0.0020391521651051212,false,false,0.9991666666666668
0,0.68,1.1607360948327428,0.09620130142016074,0.00813672523189627,false,false,0.29273333333333335
1,0.68,1.1615848508242888,0.09620130142016074,0.00813672523189627,false,false,0.9613
2,0.68,0.9487686989350904,0.09620130142016074,0.00813672523189627,false,false,0.9683666666666667
3,0.68,0.871603327071936,0.09620130142016074,0.00813672523189627,false,false,0.9709666666666668
4,0.68,0.8262741431099341,0.09620130142016074,0.00813672523189627,false,false,0.9724333333333334
5,0.68,0.8380078565714262,0.09620130142016074,0.00813672523189627,false,false,0.9720333333333334
6,0.68,0.8451306063858558,0.09620130142016074,0.00813672523189627,false,false,0.9718333333333333
7,0.68,0.8493126451231534,0.09620130142016074,0.00813672523189627,false,false,0.9717
8,0.68,0.8487440884780123,0.09620130142016074,0.00813672523189627,false,false,0.9717
9,0.68,0.7735943911689134,0.09620130142016074,0.00813672523189627,false,false,0.9742333333333334
10,0.68,0.11244732386892628,0.09620130142016074,0.00813672523189627,false,false,0.9962333333333333
0,0.69,1.1631574741549646,0.16378532800800474,0.014204698312893753,false,false,0.29300000000000004
1,0.69,1.1635022458822544,0.16378532800800474,0.014204698312893753,false,false,0.9612333333333333
2,0.69,0.9487275911145779,0.16378532800800474,0.014204698312893753,false,false,0.9683666666666667
3,0.69,0.8716045689799456,0.16378532800800474,0.014204698312893753,false,false,0.9709666666666668
4,0.69,0.8264293295564017,0.16378532800800474,0.014204698312893753,false,false,0.9724333333333334
5,0.69,0.8381057778655133,0.16378532800800474,0.014204698312893753,false,false,0.9720333333333334
6,0.69,0.8452765915001769,0.16378532800800474,0.014204698312893753,false,false,0.9718333333333333
7,0.69,0.8493066378297833,0.16378532800800474,0.014204698312893753,false,false,0.9717
8,0.69,0.849655655881619,0.16378532800800474,0.014204698312893753,false,false,0.9717
9,0.69,0.8319145108781478,0.16378532800800474,0.014204698312893753,false,false,0.9723
10,0.69,0.2212127628917352,0.16378532800800474,0.014204698312893753,false,false,0.9926333333333334
0,0.7,1.1655727844210535,0.22790194599244298,0.020243357399975757,false,false,0.29319999999999996
1,0.7,1.1657030740041308,0.22790194599244298,0.020243357399975757,false,false,0.9611666666666667
2,0.7,0.9487830628748501,0.22790194599244298,0.020243357399975757,false,false,0.9683666666666667
3,0.7,0.8715847910189801,0.22790194599244298,0.020243357399975757,false,false,0.9709666666666668
4,0.7,0.9208910250949378,0.22790194599244298,0.020243357399975757,false,false,0.9693
5,0.7,0.9196973443486529,0.22790194599244298,0.020243357399975757,false,false,0.9693666666666666
6,0.7,0.9337105024603221,0.22790194599244298,0.020243357399975757,false,false,0.9689
7,0.7,0.9398660816592492,0.22790194599244298,0.020243357399975757,false,false,0.9687
8,0.7,0.9414288934956119,0.22790194599244298,0.020243357399975757,false,false,0.9686333333333333
9,0.7,0.8894944915837044,0.22790194599244298,0.020243357399975757,false,false,0.9703666666666667
10,0.7,0.2757408933344681,0.22790194599244298,0.020243357399975757,false,false,0.9908333333333333
0,0.71,1.1679822497658443,0.28888965120423304,0.026252984360104765,false,false,0.2932666666666667
1,0.71,1.1684349878851745,0.28888965120423304,0.026252984360104765,false,false,0.9610333333333333
2,0.71,0.9487784052578974,0.28888965120423304,0.026252984360104765,false,false,0.9683666666666667
3,0.71,0.871572598554916,0.28888965120423304,0.026252984360104765,false,false,0.9709666666666668
4,0.71,0.9208726737529407,0.28888965120423304,0.026252984360104765,false,false,0.9693
5,0.71,0.9522785853011768,0.28888965120423304,0.026252984360104765,false,false,0.9682333333333334
6,0.71,0.971657160095091,0.28888965120423304,0.026252984360104765,false,false,0.9676333333333333
7,0.71,0.9776182423175286,0.28888965120423304,0.026252984360104765,false,false,0.9674333333333334
8,0.71,0.9854981856288564,0.28888965120423304,0.026252984360104765,false,false,0.9671666666666667
9,0.71,0.9188010619240655,0.28888965120423304,0.026252984360104765,false,false,0.9693666666666666
10,0.71,0.7242458889355619,0.28888965120423304,0.026252984360104765,false,false,0.9758333333333334
0,0.72,1.1703866174035849,0.3470396707478492,0.03223385701427492,false,false,0.29346666666666665
1,0.72,1.1712418646943124,0.3470396707478492,0.03223385701427492,false,false,0.9609666666666666
2,0.72,0.9487037622696949,0.3470396707478492,0.03223385701427492,false,false,0.9683666666666667
3,0.72,0.871559775501117,0.3470396707478492,0.03223385701427492,false,false,0.9709666666666668
4,0.72,0.9208533730914399,0.3470396707478492,0.03223385701427492,false,false,0.9693
5,0.72,0.953472541387121,0.3470396707478492,0.03223385701427492,false,false,0.9682333333333334
6,0.72,0.9716488172697881,0.3470396707478492,0.03223385701427492,false,false,0.9676333333333333
7,0.72,0.9812365097940924,0.3470396707478492,0.03223385701427492,false,false,0.9673
8,0.72,0.9854882375105857,0.3470396707478492,0.03223385701427492,false,false,0.9671666666666667
9,0.72,0.9637564507152504,0.3470396707478492,0.03223385701427492,false,false,0.9679
10,0.72,0.8134240208042146,0.3470396707478492,0.03223385701427492,false,false,0.9729
0,0.73,1.1727856421330574,0.4026043739613916,0.038186249214579596,false,false,0.29359999999999997
1,0.73,1.1736916306383578,0.4026043739613916,0.038186249214579596,false,false,0.9609000000000001
2,0.73,0.9487830723396082,0.4026043739613916,0.038186249214579596,false,false,0.9683666666666667
3,0.73,0.8716022823850076,0.4026043739613916,0.038186249214579596,false,false,0.9709666666666668
4,0.73,0.9209173517006548,0.4026043739613916,0.038186249214579596,false,false,0.9693
5,0.73,0.9523174676643394,0.4026043739613916,0.038186249214579596,false,false,0.9682333333333334
6,0.73,0.9717073953220523,0.4026043739613916,0.038186249214579596,false,false,0.9676333333333333
7,0.73,0.9776181524476231,0.4026043739613916,0.038186249214579596,false,false,0.9674333333333334
8,0.73,0.9874974854057296,0.4026043739613916,0.038186249214579596,false,false,0.9671000000000001
9,0.73,0.9431788129307326,0.4026043739613916,0.038186249214579596,false,false,0.9685666666666667
10,0.73,0.8942260492981046,0.4026043739613916,0.038186249214579596,false,false,0.9701666666666667
0,0.74,1.1751795151958404,0.4558038919848865,0.044110430919450355,false,false,0.29386666666666666
1,0.74,1.1755308508328974,0.4558038919848865,0.044110430919450355,false,false,0.9608333333333333
2,0.74,0.9487822671875723,0.4558038919848865,0.044110430919450355,false,false,0.9683666666666667
3,0.74,0.8715357332057626,0.4558038919848865,0.044110430919450355,false,false,0.9709666666666668
4,0.74,0.9208171852132334,0.4558038919848865,0.044110430919450355,false,false,0.9693
5,0.74,0.9534504656262791,0.4558038919848865,0.044110430919450355,false,false,0.9682333333333334
6,0.74,0.9716369973495363,0.4558038919848865,0.044110430919450355,false,false,0.9676333333333333
7,0.74,0.9772323609345832,0.4558038919848865,0.044110430919450355,false,false,0.9674333333333334
8,0.74,0.9832255990774957,0.4558038919848865,0.044110430919450355,false,false,0.9672333333333333
9,0.74,0.9313626839540206,0.4558038919848865,0.044110430919450355,false,false,0.9689666666666666
10,0.74,0.852747129073928,0.4558038919848865,0.044110430919450355,false,false,0.9715666666666667
0,0.75,1.17756844829482,0.5068313851352054,0.05000666826712401,false,false,0.2940666666666667
1,0.75,1.1776983677987398,0.5068313851352054,0.05000666826712401,false,false,0.9607666666666667
2,0.75,0.9488295462904937,0.5068313851352054,0.05000666826712401,false,false,0.9683666666666667
3,0.75,1.0942218385916915,0.5068313851352054,0.05000666826712401,false,false,0.9635
4,0.75,1.1236642870462588,0.5068313851352054,0.05000666826712401,false,false,0.9625666666666667
5,0.75,1.1435538065271211,0.5068313851352054,0.05000666826712401,false,false,0.9619
6,0.75,1.1734410760127674,0.5068313851352054,0.05000666826712401,false,false,0.9609000000000001
7,0.75,1.1688333082044247,0.5068313851352054,0.05000666826712401,false,false,0.9610333333333333
8,0.75,1.1629762963950931,0.5068313851352054,0.05000666826712401,false,false,0.9612333333333333
9,0.75,0.9433997359205122,0.5068313851352054,0.05000666826712401,false,false,0.9685666666666667
10,0.75,0.8022785612864551,0.5068313851352054,0.05000666826712401,false,false,0.9732333333333333
0,0.76,1.1799526505771045,0.5558572765768072,0.05587522364738373,false,false,0.29433333333333334
1,0.76,1.1803398584210978,0.5558572765768072,0.05587522364738373,false,false,0.9606333333333333
2,0.76,0.9487835112847559,0.5558572765768072,0.05587522364738373,false,false,0.9683666666666667
3,0.76,1.093684109738246,0.5558572765768072,0.05587522364738373,false,false,0.9635666666666667
4,0.76,1.1236676536933317,0.5558572765768072,0.05587522364738373,false,false,0.9625666666666667
5,0.76,1.1717528659170007,0.5558572765768072,0.05587522364738373,false,false,0.9609666666666666
6,0.76,1.1994438453615126,0.5558572765768072,0.05587522364738373,false,false,0.9600333333333334
7,0.76,1.2050240095719604,0.5558572765768072,0.05587522364738373,false,false,0.9598333333333334
8,0.76,1.203987314008341,0.5558572765768072,0.05587522364738373,false,false,0.9599
9,0.76,0.9407548497932938,0.5558572765768072,0.05587522364738373,false,false,0.9686333333333333
10,0.76,0.8443487317080993,0.5558572765768072,0.05587522364738373,false,false,0.9718333333333333
0,0.77,1.1823328990859867,0.6030326865553659,0.06171635577162405,false,false,0.29460000000000003
1,0.77,1.183069355952716,0.6030326865553659,0.06171635577162405,false,false,0.9605666666666667
2,0.77,0.9488465709939234,0.6030326865553659,0.06171635577162405,false,false,0.9683666666666667
3,0.77,1.0942436064203163,0.6030326865553659,0.06171635577162405,false,false,0.9635
4,0.77,1.1937858524885172,0.6030326865553659,0.06171635577162405,false,false,0.9602333333333334
5,0.77,1.2353119479257069,0.6030326865553659,0.06171635577162405,false,false,0.9588333333333333
6,0.77,1.2514239098190214,0.6030326865553659,0.06171635577162405,false,false,0.9583
7,0.77,1.2049935002608039,0.6030326865553659,0.06171635577162405,false,false,0.9598333333333334
8,0.77,1.1990303863143654,0.6030326865553659,0.06171635577162405,false,false,0.9600333333333334
9,0.77,0.963562230509305,0.6030326865553659,0.06171635577162405,false,false,0.9679
10,0.77,0.8609501484703508,0.6030326865553659,0.06171635577162405,false,false,0.9712999999999999
0,0.78,1.1847089433852347,0.6484922417689595,0.06753031974128765,false,false,0.2949333333333334
1,0.78,1.1855264225112114,0.6484922417689595,0.06753031974128765,false,false,0.9605
2,0.78,0.9487250387086357,0.6484922417689595,0.06753031974128765,false,false,0.9683666666666667
3,0.78,1.093668382139036,0.6484922417689595,0.06753031974128765,false,false,0.9635666666666667
4,0.78,1.1937733513618158,0.6484922417689595,0.06753031974128765,false,false,0.9602333333333334
5,0.78,1.2597465774171863,0.6484922417689595,0.06753031974128765,false,false,0.9580333333333333
6,0.78,1.2835984992668672,0.6484922417689595,0.06753031974128765,false,false,0.9572333333333334
7,0.78,1.2835543832145877,0.6484922417689595,0.06753031974128765,false,false,0.9572333333333334
8,0.78,1.2569567534981465,0.6484922417689595,0.06753031974128765,false,false,0.9581000000000001
9,0.78,0.9431930311550282,0.6484922417689595,0.06753031974128765,false,false,0.9685666666666667
10,0.78,0.8979745411928004,0.6484922417689595,0.06753031974128765,false,false,0.9701000000000001
0,0.79,1.187080906822357,0.6923563915330472,0.07331736711471529,false,false,0.29533333333333334
1,0.79,1.1874028309895786,0.6923563915330472,0.07331736711471529,false,false,0.9604333333333333
2,0.79,0.9487837845498152,0.6923563915330472,0.07331736711471529,false,false,0.9683666666666667
3,0.79,1.0936841832419495,0.6923563915330472,0.07331736711471529,false,false,0.9635666666666667
4,0.79,1.1937872045945748,0.6923563915330472,0.07331736711471529,false,false,0.9602333333333334
5,0.79,1.2597693130141714,0.6923563915330472,0.07331736711471529,false,false,0.9580333333333333
6,0.79,1.2895686278906222,0.6923563915330472,0.07331736711471529,false,false,0.9570333333333334
7,0.79,1.301853259253501,0.6923563915330472,0.07331736711471529,false,false,0.9566333333333333
8,0.79,1.2936297406275608,0.6923563915330472,0.07331736711471529,false,false,0.9569
9,0.79,0.9635613312409438,0.6923563915330472,0.07331736711471529,false,false,0.9679
10,0.79,0.8943899129940167,0.6923563915330472,0.07331736711471529,false,false,0.9701666666666667
0,0.8,1.1894489892041762,0.7347333311276489,0.07907774597245816,false,false,0.29573333333333335
1,0.8,1.1898803471823338,0.7347333311276489,0.07907774597245816,false,false,0.9603666666666667
2,0.8,0.9487804733273792,0.7347333311276489,0.07907774597245816,false,false,0.9683666666666667
3,0.8,1.0936832925803996,0.7347333311276489,0.07907774597245816,false,false,0.9635666666666667
4,0.8,1.19378642372757,0.7347333311276489,0.07907774597245816,false,false,0.9602333333333334
5,0.8,1.2597680314823656,0.7347333311276489,0.07907774597245816,false,false,0.9580333333333333
6,0.8,1.2895673263844623,0.7347333311276489,0.07907774597245816,false,false,0.9570333333333334
7,0.8,1.301859960559422,0.7347333311276489,0.07907774597245816,false,false,0.9566333333333333
8,0.8,1.2994015320467214,0.7347333311276489,0.07907774597245816,false,false,0.9567
9,0.8,0.9692465373820229,0.7347333311276489,0.07907774597245816,false,false,0.9677000000000001
10,0.8,0.9311317560432718,0.7347333311276489,0.07907774597245816,false,false,0.9689666666666666
0,0.81,1.1918133884399693,0.7757206096563876,0.08481170098109055,false,false,0.2964
1,0.81,1.191963511210296,0.7757206096563876,0.08481170098109055,false,false,0.9603
2,0.81,0.948772031235019,0.7757206096563876,0.08481170098109055,false,false,0.9683666666666667
3,0.81,1.0936810218192092,0.7757206096563876,0.08481170098109055,false,false,0.9635666666666667
4,0.81,1.1937844328906058,0.7757206096563876,0.08481170098109055,false,false,0.9602333333333334
5,0.81,1.259764764185239,0.7757206096563876,0.08481170098109055,false,false,0.9580333333333333
6,0.81,1.2895640081620414,0.7757206096563876,0.08481170098109055,false,false,0.9570333333333334
7,0.81,1.3018597741405666,0.7757206096563876,0.08481170098109055,false,false,0.9566333333333333
8,0.81,1.2955768724696382,0.7757206096563876,0.08481170098109055,false,false,0.9568333333333334
9,0.81,0.9677628986306198,0.7757206096563876,0.08481170098109055,false,false,0.9677666666666667
10,0.81,0.8834183202498727,0.7757206096563876,0.08481170098109055,false,false,0.9705666666666667
0,0.82,1.1941746614544142,0.8154064825496125,0.0905194734555671,false,false,0.29733333333333334
1,0.82,1.194560948190585,0.8154064825496125,0.0905194734555671,false,false,0.9601666666666666
2,0.82,0.9487260089394884,0.8154064825496125,0.0905194734555671,false,false,0.9683666666666667
3,0.82,1.0936686430970797,0.8154064825496125,0.0905194734555671,false,false,0.9635666666666667
4,0.82,1.193773580150084,0.8154064825496125,0.0905194734555671,false,false,0.9602333333333334
5,0.82,1.2597469529016923,0.8154064825496125,0.0905194734555671,false,false,0.9580333333333333
6,0.82,1.292752195942249,0.8154064825496125,0.0905194734555671,false,false,0.9569
7,0.82,1.3010017707950274,0.8154064825496125,0.0905194734555671,false,false,0.9566333333333333
8,0.82,1.297394793930091,0.8154064825496125,0.0905194734555671,false,false,0.9567666666666667
9,0.82,0.969307625123372,0.8154064825496125,0.0905194734555671,false,false,0.9677000000000001
10,0.82,0.933404702868211,0.8154064825496125,0.0905194734555671,false,false,0.9689
0,0.83,1.1965330527386087,0.8538710558830546,0.09620130142016049,false,false,0.29873333333333335
1,0.83,1.1971475219325443,0.8538710558830546,0.09620130142016049,false,false,0.9601000000000001
2,0.83,0.9487069428158846,0.8538710558830546,0.09620130142016049,false,false,0.9683666666666667
3,0.83,1.093663515033301,0.8538710558830546,0.09620130142016049,false,false,0.9635666666666667
4,0.83,1.193769084253908,0.8538710558830546,0.09620130142016049,false,false,0.9602333333333334
5,0.83,1.2597395742757818,0.8538710558830546,0.09620130142016049,false,false,0.9580333333333333
6,0.83,1.2895662873329359,0.8538710558830546,0.09620130142016049,false,false,0.9570333333333334
7,0.83,1.301302519224077,0.8538710558830546,0.09620130142016049,false,false,0.9566333333333333
8,0.83,1.2921952977770879,0.8538710558830546,0.09620130142016049,false,false,0.9569
9,0.83,0.9692434043093364,0.8538710558830546,0.09620130142016049,false,false,0.9677000000000001
10,0.83,0.954981550961581,0.8538710558830546,0.09620130142016049,false,false,0.9681666666666667
0,0.84,1.1988883797710568,0.8911872598201562,0.10185741966802261,false,false,0.29873333333333335
1,0.84,1.1992798804107934,0.8911872598201562,0.10185741966802261,false,false,0.9600333333333334
2,0.84,0.9489193287809421,0.8911872598201562,0.10185741966802261,false,false,0.9683666666666667
3,0.84,1.0941735806122888,0.8911872598201562,0.10185741966802261,false,false,0.9635
4,0.84,1.1937868538544996,0.8911872598201562,0.10185741966802261,false,false,0.9602333333333334
5,0.84,1.261486994594258,0.8911872598201562,0.10185741966802261,false,false,0.9579666666666667
6,0.84,1.2847879989249473,0.8911872598201562,0.10185741966802261,false,false,0.9571666666666666
7,0.84,1.3018463304977868,0.8911872598201562,0.10185741966802261,false,false,0.9566333333333333
8,0.84,1.2974001555347199,0.8911872598201562,0.10185741966802261,false,false,0.9567666666666667
9,0.84,1.139370049276459,0.8911872598201562,0.10185741966802261,false,false,0.9620333333333334
10,0.84,0.9732685264553207,0.8911872598201562,0.10185741966802261,false,false,0.9675666666666667
0,0.85,1.2012408339085117,0.9274216809117214,0.10748805981940314,false,false,0.2986666666666667
1,0.85,1.2016101156415329,0.9274216809117214,0.10748805981940314,false,false,0.9599666666666666
2,0.85,0.9487886294463046,0.9274216809117214,0.10748805981940314,false,false,0.9683666666666667
3,0.85,1.0936854864414993,0.9274216809117214,0.10748805981940314,false,false,0.9635666666666667
4,0.85,1.1937883471450186,0.9274216809117214,0.10748805981940314,false,false,0.9602333333333334
5,0.85,1.2597711881264237,0.9274216809117214,0.10748805981940314,false,false,0.9580333333333333
6,0.85,1.2895705322288833,0.9274216809117214,0.10748805981940314,false,false,0.9570333333333334
7,0.85,1.3018477106193198,0.9274216809117214,0.10748805981940314,false,false,0.9566333333333333
8,0.85,1.2973992711754554,0.9274216809117214,0.10748805981940314,false,false,0.9567666666666667
9,0.85,1.024262378355789,0.9274216809117214,0.10748805981940314,false,false,0.9658333333333334
10,0.85,0.9774987494753541,0.9274216809117214,0.10748805981940314,false,false,0.9674333333333334
0,0.86,1.2035906052104723,0.9626352771200921,0.11309345037856398,false,false,0.29860000000000003
1,0.86,1.2037222401381866,0.9626352771200921,0.11309345037856398,false,false,0.9599
2,0.86,0.9487251939181659,0.9626352771200921,0.11309345037856398,true,false,0.9683666666666667
3,0.86,1.093668423884932,0.9626352771200921,0.11309345037856398,false,false,0.9635666666666667
4,0.86,1.1937733879614578,0.9626352771200921,0.11309345037856398,false,false,0.9602333333333334
5,0.86,1.2597466374840758,0.9626352771200921,0.11309345037856398,false,false,0.9580333333333333
6,0.86,1.2927517206642087,0.9626352771200921,0.11309345037856398,false,false,0.9569
7,0.86,1.3010012930312658,0.9626352771200921,0.11309345037856398,false,false,0.9566333333333333
8,0.86,1.2961557442846727,0.9626352771200921,0.11309345037856398,false,false,0.9567666666666667
9,0.86,1.0226906552136183,0.9626352771200921,0.11309345037856398,false,false,0.9659
10,0.86,0.9884645662535329,0.9626352771200921,0.11309345037856398,false,false,0.9670333333333333
0,0.87,1.2059378825440052,0.9968839948552349,0.11867381678942088,false,false,0.2984
1,0.87,1.2062917141892537,0.9968839948552349,0.11867381678942088,false,false,0.9597666666666667
2,0.87,0.9488472901118956,0.9968839948552349,0.11867381678942088,true,false,0.9683666666666667
3,0.87,1.0942445258827371,0.9968839948552349,0.11867381678942088,false,false,0.9635
4,0.87,1.1937860220918934,0.9968839948552349,0.11867381678942088,false,false,0.9602333333333334
5,0.87,1.261445514616381,0.9968839948552349,0.11867381678942088,false,false,0.9579666666666667
6,0.87,1.2927537250044838,0.9968839948552349,0.11867381678942088,false,false,0.9569
7,0.87,1.301859927425287,0.9968839948552349,0.11867381678942088,false,false,0.9566333333333333
8,0.87,1.29615676267325,0.9968839948552349,0.11867381678942088,false,false,0.9567666666666667
9,0.87,1.1414156563975875,0.9968839948552349,0.11867381678942088,false,false,0.9619666666666667
10,0.87,1.0554163570505337,0.9968839948552349,0.11867381678942088,false,false,0.9648333333333333
0,0.88,1.2082835566824792,1.0302193037079368,0.124229381489951,false,false,0.29819999999999997
1,0.88,1.2089095175082567,1.0302193037079368,0.124229381489951,false,false,0.9597
2,0.88,0.948723405093005,1.0302193037079368,0.124229381489951,true,false,0.9683666666666667
3,0.88,1.0936679427544411,1.0302193037079368,0.124229381489951,false,false,0.9635666666666667
4,0.88,1.1937729661426715,1.0302193037079368,0.124229381489951,false,false,0.9602333333333334
5,0.88,1.259745945200047,1.0302193037079368,0.124229381489951,false,false,0.9580333333333333
6,0.88,1.292750677515327,1.0302193037079368,0.124229381489951,false,false,0.9569
7,0.88,1.3010002444266786,1.0302193037079368,0.124229381489951,false,false,0.9566333333333333
8,0.88,1.2955791399832615,1.0302193037079368,0.124229381489951,false,false,0.9568333333333334
9,0.88,1.1513494870456071,1.0302193037079368,0.124229381489951,false,false,0.9616333333333333
10,0.88,1.1304695837002026,1.0302193037079368,0.124229381489951,false,false,0.9623
0,0.89,1.2106272977368873,1.0626886617120124,0.12976036396539542,false,false,0.29806666666666665
1,0.89,1.2113493951519752,1.0626886617120124,0.12976036396539542,false,false,0.9596333333333333
2,0.89,0.9489152071233942,1.0626886617120124,0.12976036396539542,true,false,0.9683666666666667
3,0.89,1.0941708629680076,1.0626886617120124,0.12976036396539542,false,false,0.9635
4,0.89,1.1937858816562734,1.0626886617120124,0.12976036396539542,false,false,0.9602333333333334
5,0.89,1.2614846235435602,1.0626886617120124,0.12976036396539542,false,false,0.9579666666666667
6,0.89,1.2847856054339803,1.0626886617120124,0.12976036396539542,false,false,0.9571666666666666
7,0.89,1.3010006790776465,1.0626886617120124,0.12976036396539542,false,false,0.9566333333333333
8,0.89,1.2955791836715882,1.0626886617120124,0.12976036396539542,false,false,0.9568333333333334
9,0.89,1.1226582074227616,1.0626886617120124,0.12976036396539542,false,false,0.9625666666666667
10,0.89,1.1063726063963426,1.0626886617120124,0.12976036396539542,false,false,0.9631000000000001
0,0.9,1.2129691411056085,1.094335921692375,0.13526698080029098,false,false,0.29786666666666667
1,0.9,1.213395805974967,1.094335921692375,0.13526698080029098,false,false,0.9595666666666667
2,0.9,2.5194146767853267,1.094335921692375,0.13526698080029098,false,false,0.9160333333333334
3,0.9,2.4423455979429933,1.094335921692375,0.13526698080029098,false,false,0.9185666666666668
4,0.9,2.3973749658979413,1.094335921692375,0.13526698080029098,false,false,0.9201
5,0.9,2.4094906635664053,1.094335921692375,0.13526698080029098,false,false,0.9197000000000001
6,0.9,2.41575123511705,1.094335921692375,0.13526698080029098,false,false,0.9195
7,0.9,1.3018606779131419,1.094335921692375,0.13526698080029098,false,false,0.9566333333333333
8,0.9,1.2892132599248918,1.094335921692375,0.13526698080029098,false,false,0.9570333333333334
9,0.9,1.1086600892225258,1.094335921692375,0.13526698080029098,false,false,0.9630333333333334
10,0.9,1.1426160042396083,1.094335921692375,0.13526698080029098,false,false,0.9619
0,0.91,1.2153092721499785,1.1252016874303392,0.1407494457293589,false,false,0.29773333333333335
1,0.91,1.21569853775347,1.1252016874303392,0.1407494457293589,false,false,0.9595
2,0.91,2.519663130881316,1.1252016874303392,0.1407494457293589,false,false,0.9160333333333334
3,0.91,2.442345611071672,1.1252016874303392,0.1407494457293589,false,false,0.9185666666666668
4,0.91,2.397387706102542,1.1252016874303392,0.1407494457293589,false,false,0.9201
5,0.91,2.489942639508393,1.1252016874303392,0.1407494457293589,false,false,0.9170333333333333
6,0.91,2.491770389066448,1.1252016874303392,0.1407494457293589,false,false,0.9169666666666667
7,0.91,2.4955572751410546,1.1252016874303392,0.1407494457293589,false,false,0.9168333333333333
8,0.91,2.41926427293635,1.1252016874303392,0.1407494457293589,false,false,0.9193666666666667
9,0.91,1.1513495291247122,1.1252016874303392,0.1407494457293589,false,false,0.9616333333333333
10,0.91,1.1329892068300687,1.1252016874303392,0.1407494457293589,false,false,0.9622333333333334
0,0.92,1.2176478755977878,1.1553236269041651,0.14620796968728453,false,false,0.29766666666666663
1,0.92,1.2177841224336878,1.1553236269041651,0.14620796968728453,false,false,0.9594333333333334
2,0.92,2.519624418090663,1.1553236269041651,0.14620796968728453,false,false,0.9160333333333334
3,0.92,2.4422699414154447,1.1553236269041651,0.14620796968728453,false,false,0.9185666666666668
4,0.92,2.397432748787124,1.1553236269041651,0.14620796968728453,false,false,0.9201
5,0.92,2.489962962693062,1.1553236269041651,0.14620796968728453,false,false,0.9170333333333333
6,0.92,2.5036664798384227,1.1553236269041651,0.14620796968728453,false,false,0.9165666666666666
7,0.92,2.512842812449009,1.1553236269041651,0.14620796968728453,false,false,0.9162333333333333
8,0.92,2.4192634666806883,1.1553236269041651,0.14620796968728453,false,false,0.9193666666666667
9,0.92,1.1496946059633684,1.1553236269041651,0.14620796968728453,true,false,0.9617
10,0.92,1.1469580180659906,1.1553236269041651,0.14620796968728453,true,false,0.9617666666666668
0,0.93,1.2199851356425273,1.1847367486669076,0.15164276085741354,false,false,0.29760000000000003
1,0.93,1.2204427158645075,1.1847367486669076,0.15164276085741354,false,false,0.9593
2,0.93,2.5196600183390148,1.1847367486669076,0.15164276085741354,false,false,0.9160333333333334
3,0.93,2.442269510336026,1.1847367486669076,0.15164276085741354,false,false,0.9185666666666668
4,0.93,2.491582600051161,1.1847367486669076,0.15164276085741354,false,false,0.9169666666666667
5,0.93,2.5233588445769732,1.1847367486669076,0.15164276085741354,false,false,0.9159
6,0.93,2.54225645203012,1.1847367486669076,0.15164276085741354,false,false,0.9152333333333333
7,0.93,2.54960308162089,1.1847367486669076,0.15164276085741354,false,false,0.9150333333333334
8,0.93,2.4933243425818743,1.1847367486669076,0.15164276085741354,false,false,0.9169
9,0.93,1.1622605814778921,1.1847367486669076,0.15164276085741354,true,false,0.9612333333333333
10,0.93,1.1829396318786671,1.1847367486669076,0.15164276085741354,true,false,0.9605666666666667
0,0.94,1.222322169510637,1.2134736464477807,0.15705402471939556,false,false,0.2974
1,0.94,1.2230315753516086,1.2134736464477807,0.15705402471939556,false,false,0.9592333333333334
2,0.94,2.519667613177801,1.2134736464477807,0.15705402471939556,false,false,0.9160333333333334
3,0.94,2.4423278257855845,1.2134736464477807,0.15705402471939556,false,false,0.9185666666666668
4,0.94,2.4913943526874465,1.2134736464477807,0.15705402471939556,false,false,0.9169666666666667
5,0.94,2.523832806906163,1.2134736464477807,0.15705402471939556,false,false,0.9159
6,0.94,2.5421896151640424,1.2134736464477807,0.15705402471939556,false,false,0.9152333333333333
7,0.94,2.547736502251745,1.2134736464477807,0.15705402471939556,false,false,0.9151
8,0.94,2.511195629615476,1.2134736464477807,0.15705402471939556,false,false,0.9163
9,0.94,1.2114345517016145,1.2134736464477807,0.15705402471939556,true,false,0.9596333333333333
10,0.94,1.1889716039703917,1.2134736464477807,0.15705402471939556,true,false,0.9603666666666667
0,0.95,1.2246583070686952,1.241564716262854,0.16244196409579817,true,false,0.2974
1,0.95,1.2254146865310414,1.241564716262854,0.16244196409579817,true,false,0.9591666666666667
2,0.95,2.519415039296165,1.241564716262854,0.16244196409579817,false,false,0.9160333333333334
3,0.95,2.442277467240914,1.241564716262854,0.16244196409579817,false,false,0.9185666666666668
4,0.95,2.491341209215575,1.241564716262854,0.16244196409579817,false,false,0.9169666666666667
5,0.95,2.523848351237768,1.241564716262854,0.16244196409579817,false,false,0.9159
6,0.95,2.5430642398845373,1.241564716262854,0.16244196409579817,false,false,0.9152333333333333
7,0.95,2.549601744911775,1.241564716262854,0.16244196409579817,false,false,0.9150333333333334
8,0.95,2.491573296867746,1.241564716262854,0.16244196409579817,false,false,0.9169666666666667
9,0.95,1.241630706354584,1.241564716262854,0.16244196409579817,false,false,0.9586333333333333
10,0.95,1.2329260197519403,1.241564716262854,0.16244196409579817,true,false,0.9589
0,0.96,1.2269936897071108,1.269038349661323,0.1678067791977245,true,false,0.2972666666666667
1,0.96,1.2274305836071373,1.269038349661323,0.1678067791977245,true,false,0.9591
2,0.96,2.519412606793768,1.269038349661323,0.1678067791977245,false,false,0.9160333333333334
3,0.96,2.4423451771599116,1.269038349661323,0.1678067791977245,false,false,0.9185666666666668
4,0.96,2.491574462294923,1.269038349661323,0.1678067791977245,false,false,0.9169666666666667
5,0.96,2.523420392068608,1.269038349661323,0.1678067791977245,false,false,0.9159
6,0.96,2.542195323611714,1.269038349661323,0.1678067791977245,false,false,0.9152333333333333
7,0.96,2.5477368783026,1.269038349661323,0.1678067791977245,false,false,0.9151
8,0.96,2.5436291082395632,1.269038349661323,0.1678067791977245,false,false,0.9152333333333333
9,0.96,1.250892962008894,1.269038349661323,0.1678067791977245,true,false,0.9583
10,0.96,1.2771983415457706,1.269038349661323,0.1678067791977245,false,false,0.9574333333333332
0,0.97,1.2293285010277093,1.2959211061875278,0.17314866766945214,true,false,0.2971333333333333
1,0.97,1.2297229753330747,1.2959211061875278,0.17314866766945214,true,false,0.9590333333333334
2,0.97,2.5193847878613544,1.2959211061875278,0.17314866766945214,false,false,0.9160333333333334
3,0.97,2.4422698003646945,1.2959211061875278,0.17314866766945214,false,false,0.9185666666666668
4,0.97,2.491581519178638,1.2959211061875278,0.17314866766945214,false,false,0.9169666666666667
5,0.97,2.523833730589007,1.2959211061875278,0.17314866766945214,false,false,0.9159
6,0.97,2.5430237667672158,1.2959211061875278,0.17314866766945214,false,false,0.9152333333333333
7,0.97,2.547552872877388,1.2959211061875278,0.17314866766945214,false,false,0.9151
8,0.97,2.5436294100509724,1.2959211061875278,0.17314866766945214,false,false,0.9152333333333333
9,0.97,1.2765977586565351,1.2959211061875278,0.17314866766945214,true,false,0.9574333333333332
10,0.97,1.2789991567509176,1.2959211061875278,0.17314866766945214,true,false,0.9573666666666667
0,0.98,1.231662924642215,1.322237867684818,0.17846782463212515,true,false,0.297
1,0.98,1.2318002510941273,1.322237867684818,0.17846782463212515,true,false,0.9589666666666667
2,0.98,2.519385477007927,1.322237867684818,0.17846782463212515,false,false,0.9160333333333334
3,0.98,2.6656330411782343,1.322237867684818,0.17846782463212515,false,false,0.9111666666666667
4,0.98,2.4915830859623784,1.322237867684818,0.17846782463212515,false,false,0.9169666666666667
5,0.98,2.5238337966212288,1.322237867684818,0.17846782463212515,false,false,0.9159
6,0.98,2.542193271934802,1.322237867684818,0.17846782463212515,false,false,0.9152333333333333
7,0.98,2.5495260378692275,1.322237867684818,0.17846782463212515,false,false,0.9150333333333334
8,0.98,2.541614395307809,1.322237867684818,0.17846782463212515,false,false,0.9153
9,0.98,1.3002389062858726,1.322237867684818,0.17846782463212515,true,false,0.9566333333333333
10,0.98,1.2949923824852136,1.322237867684818,0.17846782463212515,true,false,0.9568333333333334
0,0.99,1.2339971442705904,1.3480119766882377,0.183764442726519,true,false,0.29686666666666667
1,0.99,1.234479877156001,1.3480119766882377,0.183764442726519,true,false,0.9588333333333333
2,0.99,2.519378081650373,1.3480119766882377,0.183764442726519,false,false,0.9160333333333334
3,0.99,2.6649427087401816,1.3480119766882377,0.183764442726519,false,false,0.9111666666666667
4,0.99,2.4915510904627625,1.3480119766882377,0.183764442726519,false,false,0.9169666666666667
5,0.99,2.5234209204091513,1.3480119766882377,0.183764442726519,false,false,0.9159
6,0.99,2.5430236721917203,1.3480119766882377,0.183764442726519,false,false,0.9152333333333333
7,0.99,2.551508017869888,1.3480119766882377,0.183764442726519,false,false,0.9149666666666667
8,0.99,2.5432389897114565,1.3480119766882377,0.183764442726519,false,false,0.9152333333333333
9,0.99,1.3616556989818962,1.3480119766882377,0.183764442726519,false,false,0.9546333333333333
10,0.99,1.3363920856516702,1.3480119766882377,0.183764442726519,true,false,0.9554333333333334
