b,rho,alpha_field,alpha_sensitivity,gap_width_1,n_components_10,peak_k5,slope_k5,is_cantor
2,0.05,10.0,199.99999999999997,0.9,1023,16666.666666666664,11851851851.851847,False
2,0.06,8.333333333333332,138.88888888888886,0.88,1023,8220.22306397306,2883074868.116252,False
2,0.07,7.142857142857142,102.0408163265306,0.86,1023,4540.259388045677,879528759.9247746,False
2,0.08,6.249999999999999,78.12499999999997,0.84,1023,2724.783761160712,316776385.92363155,False
2,0.09,5.5555555555555545,61.728395061728385,0.82,1023,1742.5585778491522,129557776.9487215,False
2,0.1,5.0,49.99999999999999,0.8,1023,1171.8749999999998,58593749.99999997,False
2,0.11,4.545454545454545,41.322314049586765,0.78,1023,820.929633852248,28754153.119436197,False
2,0.12,4.166666666666666,34.72222222222221,0.76,1023,594.8845638401555,15099206.156599125,False
2,0.13,3.846153846153846,29.585798816568044,0.74,1023,443.57406669650635,8395005.97954887,False
2,0.14,3.571428571428571,25.51020408163265,0.72,1023,338.94297514924324,4901646.523862209,False
2,0.15,3.333333333333333,22.222222222222218,0.7,1023,264.5502645502644,2986105.278874235,False
2,0.16,3.1249999999999996,19.531249999999993,0.6799999999999999,1023,210.36933450137852,1888224.2943382564,False
2,0.17,2.9411764705882346,17.30103806228373,0.6599999999999999,1023,170.07154433669908,1234104.7549043114,False
2,0.18,2.7777777777777772,15.432098765432096,0.6399999999999999,1023,139.54082361682666,830790.0354415928,False
2,0.19,2.631578947368421,13.850415512465368,0.6199999999999999,1023,116.028635000771,574406.149979398,False
2,0.2,2.4999999999999996,12.499999999999995,0.5999999999999999,1023,97.65624999999996,406901.0416666663,False
2,0.21,2.380952380952381,11.337868480725621,0.58,1023,83.1124536764428,294727.6781277376,False
2,0.22,2.2727272727272725,10.330578512396691,0.5599999999999999,1023,71.46485651838766,217908.29726693276,False
2,0.23,2.1739130434782603,9.451795841209828,0.5399999999999999,1023,62.039197655494014,164218.11395146468,False
2,0.24,2.083333333333333,8.680555555555552,0.5199999999999999,1023,54.340416889244985,125989.5853950695,False
2,0.25,1.9999999999999996,7.9999999999999964,0.4999999999999999,1023,47.99999999999997,98303.99999999987,False
2,0.26,1.9230769230769227,7.396449704142008,0.47999999999999987,1023,42.74020955148627,77940.28853354487,False
2,0.27,1.8518518518518516,6.858710562414266,0.45999999999999996,1023,38.349383624162776,62748.809572403385,False
2,0.28,1.7857142857142856,6.377551020408163,0.43999999999999995,1023,34.664622458445336,51269.804807959576,False
2,0.29,1.7241379310344827,5.945303210463732,0.41999999999999993,1023,31.559491307455684,42496.06364097583,False
2,0.3,1.6666666666666665,5.5555555555555545,0.3999999999999999,1023,28.935185185185176,35722.45084590761,False
2,0.31,1.6129032258064513,5.202913631633713,0.3799999999999999,1023,26.714121965368346,30448.823994904553,False
2,0.32,1.5624999999999998,4.882812499999998,0.3599999999999999,1023,24.83526865641275,26316.39762074443,False
2,0.33,1.515151515151515,4.591368227731862,0.33999999999999986,1023,23.25073037054297,23065.449077917405,True
2,0.34,1.4705882352941173,4.325259515570933,0.31999999999999984,1023,21.923285012152622,20506.898164227234,False
2,0.35,1.4285714285714282,4.081632653061222,0.2999999999999998,1023,20.824656393169505,18503.09605945922,False
2,0.36,1.3888888888888886,3.858024691358024,0.2799999999999999,1023,19.93440337383238,16954.89868248149,False
2,0.37,1.351351351351351,3.6523009495982457,0.2599999999999999,1023,19.239378211206137,15793.223422030227,False
2,0.38,1.3157894736842104,3.462603878116342,0.23999999999999988,1023,18.733790026166155,14974.075253097923,False
2,0.39,1.2820512820512817,3.2873109796186712,0.21999999999999986,1023,18.42002297168433,14476.682507834808,False
2,0.4,1.2499999999999998,3.1249999999999987,0.19999999999999984,1023,18.310546875,14305.114746093754,False
2,0.41,1.219512195121951,2.974419988102319,0.17999999999999983,1023,18.43161305338043,14494.906015980538,False
2,0.42,1.1904761904761902,2.8344671201814045,0.1599999999999998,1023,18.830165286069082,15128.538653895726,False
2,0.43,1.1627906976744184,2.7041644131963216,0.1399999999999999,1023,19.587067429278783,16369.203647108852,False
2,0.44,1.1363636363636362,2.582644628099173,0.11999999999999988,1023,20.843916484529753,18537.337788332847,False
2,0.45,1.111111111111111,2.4691358024691348,0.09999999999999987,1023,22.862368541380906,22301.350200402063,False
2,0.46,1.0869565217391302,2.362948960302457,0.07999999999999985,1023,26.172786510911582,29227.296159818892,False
2,0.47,1.0638297872340423,2.2634676324128558,0.05999999999999983,1023,32.0205357686292,43746.76099882932,False
2,0.48,1.0416666666666665,2.170138888888888,0.039999999999999813,1023,44.15158872251175,83172.81223346459,False
2,0.49,1.020408163265306,2.0824656393169505,0.019999999999999796,1023,81.31243385504624,282099.7077090675,False
3,0.05,6.666666666666666,133.33333333333331,0.425,59048,3485.838779956426,5249263103.9343815,False
3,0.06,5.5555555555555545,92.59259259259257,0.41,59048,1742.5585778491522,1311772491.6058052,False
3,0.07,4.761904761904762,68.02721088435374,0.395,59048,976.3083166042899,411772865.3585434,False
3,0.08,4.166666666666666,52.08333333333331,0.38,59048,594.8845638401554,152879462.33556613,False
3,0.09,3.7037037037037033,41.15226337448559,0.365,59048,386.6458403751205,64581842.53989353,False
3,0.1,3.333333333333333,33.33333333333333,0.35,59048,264.5502645502645,30234315.948601656,False
3,0.11,3.03030303030303,27.548209366391173,0.33499999999999996,59048,188.78204957575187,15395902.08855335,False
3,0.12,2.7777777777777772,23.148148148148138,0.31999999999999995,59048,139.54082361682663,8411749.10884612,False
3,0.13,2.564102564102564,19.72386587771203,0.305,59048,106.29259157430954,4880785.690187847,False
3,0.14,2.380952380952381,17.006802721088434,0.29,59048,83.11245367644278,2984117.7410433427,False
3,0.15,2.222222222222222,14.814814814814811,0.27499999999999997,59048,66.50870848401709,1910912.3874195698,False
3,0.16,2.083333333333333,13.020833333333327,0.25999999999999995,59048,54.34041688924498,1275644.5521250784,False
3,0.17,1.9607843137254897,11.534025374855819,0.24499999999999994,59048,45.249571887012905,884530.2625738339,False
3,0.18,1.8518518518518516,10.288065843621398,0.22999999999999998,59048,38.34938362416277,635331.6969205841,False
3,0.19,1.7543859649122806,9.23361034164358,0.21499999999999997,59048,33.046341062522195,471770.20409207366,False
3,0.2,1.6666666666666665,8.33333333333333,0.19999999999999996,59048,28.935185185185173,361689.8148148145,False
3,0.21,1.587301587301587,7.558578987150414,0.18499999999999994,59048,25.73518752477108,286113.5468359775,False
3,0.22,1.515151515151515,6.887052341597793,0.16999999999999993,59048,23.25073037054298,233537.67191391395,False
3,0.23,1.4492753623188401,6.301197227473217,0.15499999999999992,59048,21.346820698664615,196856.6777024844,False
3,0.24,1.3888888888888886,5.7870370370370345,0.1399999999999999,59048,19.934403373832385,171668.3491601251,False
3,0.25,1.333333333333333,5.333333333333331,0.12499999999999989,59048,18.962962962962962,155344.59259259258,False
3,0.26,1.2820512820512817,4.9309664694280055,0.10999999999999988,59048,18.42002297168433,146576.4103918275,False
3,0.27,1.2345679012345678,4.572473708276178,0.09499999999999997,59048,18.3399261516464,145304.44901906842,False
3,0.28,1.1904761904761905,4.2517006802721085,0.07999999999999996,59048,18.830165286069075,153176.45387069415,False
3,0.29,1.1494252873563218,3.9635354736424877,0.06499999999999995,59048,20.140530065156916,175236.8909639716,False
3,0.3,1.111111111111111,3.703703703703703,0.04999999999999993,59048,22.862368541380903,225801.17077907082,False
3,0.31,1.0752688172043008,3.4686090877558087,0.03499999999999992,59048,28.6458309611005,354492.12878723984,False
3,0.32,1.0416666666666665,3.2552083333333317,0.019999999999999907,59048,44.15158872251174,842124.7238638289,False
3,0.33,1.01010101010101,3.0609121518212414,0.004999999999999893,59048,156.1530533527857,10533791.262843909,False
4,0.05,5.0,99.99999999999999,0.26666666666666666,1048575,1171.8749999999998,2812499999.999999,False
4,0.06,4.166666666666666,69.44444444444443,0.25333333333333335,1048575,594.8845638401557,724761895.5167586,False
4,0.07,3.571428571428571,51.0204081632653,0.24,1048575,338.94297514924324,235279033.14538604,False
4,0.08,3.1249999999999996,39.062499999999986,0.22666666666666666,1048575,210.36933450137852,90634766.12823631,False
4,0.09,2.7777777777777772,30.864197530864192,0.2133333333333333,1048575,139.54082361682666,39877921.70119645,False
4,0.1,2.5,24.999999999999996,0.19999999999999998,1048575,97.65624999999999,19531249.999999996,False
4,0.11,2.2727272727272725,20.661157024793383,0.18666666666666665,1048575,71.46485651838766,10459598.26881277,False
4,0.12,2.083333333333333,17.361111111111104,0.1733333333333333,1048575,54.34041688924498,6047500.098963335,False
4,0.13,1.923076923076923,14.792899408284022,0.16,1048575,42.74020955148629,3741133.849610157,False
4,0.14,1.7857142857142856,12.755102040816325,0.14666666666666664,1048575,34.664622458445336,2460950.6307820603,False
4,0.15,1.6666666666666665,11.111111111111109,0.1333333333333333,1048575,28.935185185185173,1714677.640603565,False
4,0.16,1.5624999999999998,9.765624999999996,0.11999999999999995,1048575,24.835268656412747,1263187.0857957324,False
4,0.17,1.4705882352941173,8.650519031141865,0.10666666666666662,1048575,21.92328501215262,984331.111882907,False
4,0.18,1.3888888888888886,7.716049382716048,0.09333333333333331,1048575,19.93440337383238,813835.1367591114,False
4,0.19,1.3157894736842104,6.925207756232684,0.07999999999999996,1048575,18.733790026166158,718755.6121487003,False
4,0.2,1.2499999999999998,6.249999999999997,0.06666666666666661,1048575,18.310546875000004,686645.5078125002,False
4,0.21,1.1904761904761905,5.668934240362811,0.05333333333333331,1048575,18.830165286069075,726169.8553869944,False
4,0.22,1.1363636363636362,5.165289256198346,0.03999999999999996,1048575,20.843916484529757,889792.213839977,False
4,0.23,1.0869565217391302,4.725897920604914,0.026666666666666616,1048575,26.172786510911582,1402910.215671307,False
4,0.24,1.0416666666666665,4.340277777777776,0.013333333333333272,1048575,44.15158872251175,3992294.9872063003,False
5,0.05,4.0,79.99999999999999,0.1875,9765624,512.0,1747626666.6666665,False
5,0.06,3.333333333333333,55.55555555555555,0.175,9765624,264.5502645502645,466578949.82409954,False
5,0.07,2.8571428571428568,40.81632653061224,0.16249999999999998,9765624,153.7820779803287,157659516.71965262,False
5,0.08,2.4999999999999996,31.249999999999986,0.14999999999999997,9765624,97.65624999999994,63578287.76041659,False
5,0.09,2.222222222222222,24.691358024691354,0.13749999999999998,9765624,66.5087084840171,29489388.69474646,False
5,0.1,2.0,19.999999999999996,0.125,9765624,47.99999999999999,15359999.999999996,False
5,0.11,1.8181818181818181,16.52892561983471,0.11249999999999999,9765624,36.42738428613709,8846362.172866048,False
5,0.12,1.6666666666666665,13.888888888888884,0.09999999999999998,9765624,28.935185185185176,5581632.944673063,False
5,0.13,1.5384615384615383,11.834319526627219,0.0875,9765624,24.008763198567475,3842804.7354992526,False
5,0.14,1.4285714285714284,10.20408163265306,0.07499999999999998,9765624,20.824656393169512,2891108.759290505,False
5,0.15,1.333333333333333,8.888888888888886,0.06249999999999997,9765624,18.962962962962962,2397293.0955647,False
5,0.16,1.2499999999999998,7.8124999999999964,0.04999999999999996,9765624,18.310546875,2235174.1790771484,False
5,0.17,1.176470588235294,6.920415224913492,0.03749999999999995,9765624,19.156858754085807,2446568.248826626,False
5,0.18,1.111111111111111,6.1728395061728385,0.024999999999999967,9765624,22.86236854138091,3484585.9688128224,False
5,0.19,1.0526315789473681,5.540166204986147,0.012499999999999956,9765624,36.83212989464487,9044038.617173282,False
