family,rho_key,pid,epsilon_behaviour_fail,epsilon_sensor_fail,censored_behaviour
ATTACK_V,0.25,0791adad84120250,,,True
ATTACK_V,0.25,0e21a3bfdb2b6e1a,3.68261946,,False
ATTACK_V,0.25,0f73df0c247d6c68,,7.38213168,True
ATTACK_V,0.25,12b94fbf341b142c,,,True
ATTACK_V,0.25,16a994f1d87e6471,,,True
ATTACK_V,0.25,18288c2a27d85724,,7.38213168,True
ATTACK_V,0.25,1858440f8e41ea5f,,7.38213168,True
ATTACK_V,0.25,1e4f10d1d4c41691,,,True
ATTACK_V,0.25,1fa1d530d2fca75c,,,True
ATTACK_V,0.25,237c8fee04658ce1,,0.92065487,True
ATTACK_V,0.25,25a0c52eca8fcb4a,,,True
ATTACK_V,0.25,2d7b739387263a9d,,,True
ATTACK_V,0.25,389e575ba0a40e9c,,,True
ATTACK_V,0.25,39dec1f52b1e93cd,,3.68261946,True
ATTACK_V,0.25,4567675a4a0b2cbb,,,True
ATTACK_V,0.25,4770519fdde88795,,,True
ATTACK_V,0.25,4e88b51c93844ead,,,True
ATTACK_V,0.25,55952de3dc31c800,,,True
ATTACK_V,0.25,616497b1f3d9e390,,,True
ATTACK_V,0.25,62ab5aef9ad1be4d,7.38213168,,False
ATTACK_V,0.25,68fb881d1cac53fe,,,True
ATTACK_V,0.25,69ba82dc73981083,,1.84130973,True
ATTACK_V,0.25,6da6c3252a2d1bac,7.38213168,,False
ATTACK_V,0.25,6e267684a880d520,,7.38213168,True
ATTACK_V,0.25,725496d45b624240,,,True
ATTACK_V,0.25,7382aa30d498e7b5,,,True
ATTACK_V,0.25,765d10d4d2c416cd,,,True
ATTACK_V,0.25,7b9de626357f28c6,,0.405426,True
ATTACK_V,0.25,7c13f523be7d6736,7.38213168,,False
ATTACK_V,0.25,7f4060b2ba96d137,,0.15203475,True
ATTACK_V,0.25,81c2cbf1193bc1dc,,,True
ATTACK_V,0.25,85e833f2e69c8eb2,,0.15203475,True
ATTACK_V,0.25,914a129664cc7061,,,True
ATTACK_V,0.25,9ac7077facf41f79,,1.84130973,True
ATTACK_V,0.25,9f8e0985fdd0f0af,0.92065487,,False
ATTACK_V,0.25,a09f19e3c98abbe0,,,True
ATTACK_V,0.25,a4c0a3c16677eb27,7.38213168,,False
ATTACK_V,0.25,ab617f83f2f06fe8,,7.38213168,True
ATTACK_V,0.25,ae67d22cdaa0794f,,,True
ATTACK_V,0.25,b0f704b34bba4d32,,,True
ATTACK_V,0.25,b8e9774ab01e9d45,0.92065487,,False
ATTACK_V,0.25,be8e50b157907083,,,True
ATTACK_V,0.25,c017f16f403ea16d,,,True
ATTACK_V,0.25,c137f0841de67c0b,,,True
ATTACK_V,0.25,c2a8a445f4fd9bc7,3.68261946,,False
ATTACK_V,0.25,d0c9fd9d0a440f8a,,,True
ATTACK_V,0.25,d16b07da6ce739b7,,,True
ATTACK_V,0.25,d6225d41b2483d8c,,,True
ATTACK_V,0.25,d8d1c90ecab8db93,,,True
ATTACK_V,0.25,da210f0559bbe8dc,,7.38213168,True
ATTACK_V,0.25,da56cb67614dc613,,,True
ATTACK_V,0.25,e7865558d29e683e,3.68261946,,False
ATTACK_V,0.25,efe4359f1e0a0903,7.38213168,,False
ATTACK_V,0.25,eff9044acf7f4c30,,,True
ATTACK_V,0.25,f7e7afd2deb197b0,,,True
ATTACK_V,0.25,fb876ee81650ff9d,,,True
ATTACK_V,0.28,0791adad84120250,,,True
ATTACK_V,0.28,0e21a3bfdb2b6e1a,3.68261946,7.38213168,False
ATTACK_V,0.28,0f73df0c247d6c68,,3.68261946,True
ATTACK_V,0.28,12b94fbf341b142c,,0.92065487,True
ATTACK_V,0.28,16a994f1d87e6471,,,True
ATTACK_V,0.28,18288c2a27d85724,,7.38213168,True
ATTACK_V,0.28,1858440f8e41ea5f,,,True
ATTACK_V,0.28,1e4f10d1d4c41691,,,True
ATTACK_V,0.28,1fa1d530d2fca75c,,,True
ATTACK_V,0.28,237c8fee04658ce1,,,True
ATTACK_V,0.28,25a0c52eca8fcb4a,,7.38213168,True
ATTACK_V,0.28,2d7b739387263a9d,,1.84130973,True
ATTACK_V,0.28,389e575ba0a40e9c,,1.84130973,True
ATTACK_V,0.28,39dec1f52b1e93cd,,,True
ATTACK_V,0.28,4567675a4a0b2cbb,,0.92065487,True
ATTACK_V,0.28,4770519fdde88795,,,True
ATTACK_V,0.28,4e88b51c93844ead,,,True
ATTACK_V,0.28,55952de3dc31c800,,,True
ATTACK_V,0.28,616497b1f3d9e390,,0.92065487,True
ATTACK_V,0.28,62ab5aef9ad1be4d,7.38213168,7.38213168,False
ATTACK_V,0.28,68fb881d1cac53fe,,,True
ATTACK_V,0.28,69ba82dc73981083,,,True
ATTACK_V,0.28,6da6c3252a2d1bac,7.38213168,,False
ATTACK_V,0.28,6e267684a880d520,,,True
ATTACK_V,0.28,725496d45b624240,,0.405426,True
ATTACK_V,0.28,7382aa30d498e7b5,,,True
ATTACK_V,0.28,765d10d4d2c416cd,,0.92065487,True
ATTACK_V,0.28,7b9de626357f28c6,,,True
ATTACK_V,0.28,7c13f523be7d6736,7.38213168,1.84130973,False
ATTACK_V,0.28,7f4060b2ba96d137,,0.405426,True
ATTACK_V,0.28,81c2cbf1193bc1dc,,7.38213168,True
ATTACK_V,0.28,85e833f2e69c8eb2,,0.405426,True
ATTACK_V,0.28,914a129664cc7061,,0.92065487,True
ATTACK_V,0.28,9ac7077facf41f79,,,True
ATTACK_V,0.28,9f8e0985fdd0f0af,0.92065487,,False
ATTACK_V,0.28,a09f19e3c98abbe0,,,True
ATTACK_V,0.28,a4c0a3c16677eb27,7.38213168,3.68261946,False
ATTACK_V,0.28,ab617f83f2f06fe8,,0.15203475,True
ATTACK_V,0.28,ae67d22cdaa0794f,,0.15203475,True
ATTACK_V,0.28,b0f704b34bba4d32,,0.405426,True
ATTACK_V,0.28,b8e9774ab01e9d45,0.92065487,1.84130973,False
ATTACK_V,0.28,be8e50b157907083,,7.38213168,True
ATTACK_V,0.28,c017f16f403ea16d,,,True
ATTACK_V,0.28,c137f0841de67c0b,,,True
ATTACK_V,0.28,c2a8a445f4fd9bc7,3.68261946,,False
ATTACK_V,0.28,d0c9fd9d0a440f8a,,,True
ATTACK_V,0.28,d16b07da6ce739b7,,1.84130973,True
ATTACK_V,0.28,d6225d41b2483d8c,,1.84130973,True
ATTACK_V,0.28,d8d1c90ecab8db93,,,True
ATTACK_V,0.28,da210f0559bbe8dc,,,True
ATTACK_V,0.28,da56cb67614dc613,,,True
ATTACK_V,0.28,e7865558d29e683e,3.68261946,1.84130973,False
ATTACK_V,0.28,efe4359f1e0a0903,7.38213168,7.38213168,False
ATTACK_V,0.28,eff9044acf7f4c30,,,True
ATTACK_V,0.28,f7e7afd2deb197b0,,7.38213168,True
ATTACK_V,0.28,fb876ee81650ff9d,,,True
ATTACK_V,0.30,0791adad84120250,,0.405426,True
ATTACK_V,0.30,0e21a3bfdb2b6e1a,3.68261946,,False
ATTACK_V,0.30,0f73df0c247d6c68,,7.38213168,True
ATTACK_V,0.30,12b94fbf341b142c,,0.92065487,True
ATTACK_V,0.30,16a994f1d87e6471,,,True
ATTACK_V,0.30,18288c2a27d85724,,7.38213168,True
ATTACK_V,0.30,1858440f8e41ea5f,,,True
ATTACK_V,0.30,1e4f10d1d4c41691,,0.405426,True
ATTACK_V,0.30,1fa1d530d2fca75c,,0.17230605,True
ATTACK_V,0.30,237c8fee04658ce1,,,True
ATTACK_V,0.30,25a0c52eca8fcb4a,,,True
ATTACK_V,0.30,2d7b739387263a9d,,1.84130973,True
ATTACK_V,0.30,389e575ba0a40e9c,,1.84130973,True
ATTACK_V,0.30,39dec1f52b1e93cd,,,True
ATTACK_V,0.30,4567675a4a0b2cbb,,0.92065487,True
ATTACK_V,0.30,4770519fdde88795,,,True
ATTACK_V,0.30,4e88b51c93844ead,,,True
ATTACK_V,0.30,55952de3dc31c800,,,True
ATTACK_V,0.30,616497b1f3d9e390,,0.92065487,True
ATTACK_V,0.30,62ab5aef9ad1be4d,7.38213168,7.38213168,False
ATTACK_V,0.30,68fb881d1cac53fe,,,True
ATTACK_V,0.30,69ba82dc73981083,,,True
ATTACK_V,0.30,6da6c3252a2d1bac,7.38213168,,False
ATTACK_V,0.30,6e267684a880d520,,,True
ATTACK_V,0.30,725496d45b624240,,0.405426,True
ATTACK_V,0.30,7382aa30d498e7b5,,,True
ATTACK_V,0.30,765d10d4d2c416cd,,,True
ATTACK_V,0.30,7b9de626357f28c6,,0.92065487,True
ATTACK_V,0.30,7c13f523be7d6736,7.38213168,0.92065487,False
ATTACK_V,0.30,7f4060b2ba96d137,,0.405426,True
ATTACK_V,0.30,81c2cbf1193bc1dc,,,True
ATTACK_V,0.30,85e833f2e69c8eb2,,,True
ATTACK_V,0.30,914a129664cc7061,,0.92065487,True
ATTACK_V,0.30,9ac7077facf41f79,,,True
ATTACK_V,0.30,9f8e0985fdd0f0af,0.92065487,1.84130973,False
ATTACK_V,0.30,a09f19e3c98abbe0,,,True
ATTACK_V,0.30,a4c0a3c16677eb27,7.38213168,7.38213168,False
ATTACK_V,0.30,ab617f83f2f06fe8,,0.405426,True
ATTACK_V,0.30,ae67d22cdaa0794f,,0.405426,True
ATTACK_V,0.30,b0f704b34bba4d32,,0.92065487,True
ATTACK_V,0.30,b8e9774ab01e9d45,0.92065487,1.84130973,False
ATTACK_V,0.30,be8e50b157907083,,7.38213168,True
ATTACK_V,0.30,c017f16f403ea16d,,,True
ATTACK_V,0.30,c137f0841de67c0b,,7.38213168,True
ATTACK_V,0.30,c2a8a445f4fd9bc7,3.68261946,,False
ATTACK_V,0.30,d0c9fd9d0a440f8a,,,True
ATTACK_V,0.30,d16b07da6ce739b7,,1.84130973,True
ATTACK_V,0.30,d6225d41b2483d8c,,1.84130973,True
ATTACK_V,0.30,d8d1c90ecab8db93,,0.15203475,True
ATTACK_V,0.30,da210f0559bbe8dc,,0.405426,True
ATTACK_V,0.30,da56cb67614dc613,,,True
ATTACK_V,0.30,e7865558d29e683e,3.68261946,1.84130973,False
ATTACK_V,0.30,efe4359f1e0a0903,7.38213168,7.38213168,False
ATTACK_V,0.30,eff9044acf7f4c30,,,True
ATTACK_V,0.30,f7e7afd2deb197b0,,7.38213168,True
ATTACK_V,0.30,fb876ee81650ff9d,,,True
ATTACK_V,0.36,0791adad84120250,,0.92065487,True
ATTACK_V,0.36,0e21a3bfdb2b6e1a,3.68261946,0.92065487,False
ATTACK_V,0.36,0f73df0c247d6c68,,3.68261946,True
ATTACK_V,0.36,12b94fbf341b142c,,7.38213168,True
ATTACK_V,0.36,16a994f1d87e6471,,,True
ATTACK_V,0.36,18288c2a27d85724,,3.68261946,True
ATTACK_V,0.36,1858440f8e41ea5f,,0.15203475,True
ATTACK_V,0.36,1e4f10d1d4c41691,,0.92065487,True
ATTACK_V,0.36,1fa1d530d2fca75c,,0.92065487,True
ATTACK_V,0.36,237c8fee04658ce1,,1.84130973,True
ATTACK_V,0.36,25a0c52eca8fcb4a,,0.92065487,True
ATTACK_V,0.36,2d7b739387263a9d,,0.92065487,True
ATTACK_V,0.36,389e575ba0a40e9c,,,True
ATTACK_V,0.36,39dec1f52b1e93cd,,3.68261946,True
ATTACK_V,0.36,4567675a4a0b2cbb,,1.84130973,True
ATTACK_V,0.36,4770519fdde88795,,,True
ATTACK_V,0.36,4e88b51c93844ead,,7.38213168,True
ATTACK_V,0.36,55952de3dc31c800,,,True
ATTACK_V,0.36,616497b1f3d9e390,,7.38213168,True
ATTACK_V,0.36,62ab5aef9ad1be4d,7.38213168,3.68261946,False
ATTACK_V,0.36,68fb881d1cac53fe,,3.68261946,True
ATTACK_V,0.36,69ba82dc73981083,,,True
ATTACK_V,0.36,6da6c3252a2d1bac,7.38213168,0.92065487,False
ATTACK_V,0.36,6e267684a880d520,,,True
ATTACK_V,0.36,725496d45b624240,,0.92065487,True
ATTACK_V,0.36,7382aa30d498e7b5,,7.38213168,True
ATTACK_V,0.36,765d10d4d2c416cd,,1.84130973,True
ATTACK_V,0.36,7b9de626357f28c6,,7.38213168,True
ATTACK_V,0.36,7c13f523be7d6736,7.38213168,0.17230605,False
ATTACK_V,0.36,7f4060b2ba96d137,,,True
ATTACK_V,0.36,81c2cbf1193bc1dc,,0.92065487,True
ATTACK_V,0.36,85e833f2e69c8eb2,,0.92065487,True
ATTACK_V,0.36,914a129664cc7061,,7.38213168,True
ATTACK_V,0.36,9ac7077facf41f79,,0.17230605,True
ATTACK_V,0.36,9f8e0985fdd0f0af,0.92065487,0.92065487,False
ATTACK_V,0.36,a09f19e3c98abbe0,,,True
ATTACK_V,0.36,a4c0a3c16677eb27,7.38213168,3.68261946,False
ATTACK_V,0.36,ab617f83f2f06fe8,,,True
ATTACK_V,0.36,ae67d22cdaa0794f,,0.92065487,True
ATTACK_V,0.36,b0f704b34bba4d32,,,True
ATTACK_V,0.36,b8e9774ab01e9d45,0.92065487,,False
ATTACK_V,0.36,be8e50b157907083,,3.68261946,True
ATTACK_V,0.36,c017f16f403ea16d,,,True
ATTACK_V,0.36,c137f0841de67c0b,,3.68261946,True
ATTACK_V,0.36,c2a8a445f4fd9bc7,7.38213168,,False
ATTACK_V,0.36,d0c9fd9d0a440f8a,,,True
ATTACK_V,0.36,d16b07da6ce739b7,,,True
ATTACK_V,0.36,d6225d41b2483d8c,,,True
ATTACK_V,0.36,d8d1c90ecab8db93,,,True
ATTACK_V,0.36,da210f0559bbe8dc,,,True
ATTACK_V,0.36,da56cb67614dc613,,0.405426,True
ATTACK_V,0.36,e7865558d29e683e,3.68261946,0.92065487,False
ATTACK_V,0.36,efe4359f1e0a0903,7.38213168,3.68261946,False
ATTACK_V,0.36,eff9044acf7f4c30,,,True
ATTACK_V,0.36,f7e7afd2deb197b0,,3.68261946,True
ATTACK_V,0.36,fb876ee81650ff9d,,0.405426,True
ATTACK_V,0.40,0791adad84120250,,0.92065487,True
ATTACK_V,0.40,0e21a3bfdb2b6e1a,3.68261946,,False
ATTACK_V,0.40,0f73df0c247d6c68,,1.84130973,True
ATTACK_V,0.40,12b94fbf341b142c,,1.84130973,True
ATTACK_V,0.40,16a994f1d87e6471,,0.405426,True
ATTACK_V,0.40,18288c2a27d85724,,1.84130973,True
ATTACK_V,0.40,1858440f8e41ea5f,,0.92065487,True
ATTACK_V,0.40,1e4f10d1d4c41691,,,True
ATTACK_V,0.40,1fa1d530d2fca75c,,0.92065487,True
ATTACK_V,0.40,237c8fee04658ce1,,,True
ATTACK_V,0.40,25a0c52eca8fcb4a,,,True
ATTACK_V,0.40,2d7b739387263a9d,,0.92065487,True
ATTACK_V,0.40,389e575ba0a40e9c,,,True
ATTACK_V,0.40,39dec1f52b1e93cd,,1.84130973,True
ATTACK_V,0.40,4567675a4a0b2cbb,,,True
ATTACK_V,0.40,4770519fdde88795,,,True
ATTACK_V,0.40,4e88b51c93844ead,,,True
ATTACK_V,0.40,55952de3dc31c800,,,True
ATTACK_V,0.40,616497b1f3d9e390,,1.84130973,True
ATTACK_V,0.40,62ab5aef9ad1be4d,7.38213168,,False
ATTACK_V,0.40,68fb881d1cac53fe,,3.68261946,True
ATTACK_V,0.40,69ba82dc73981083,,1.84130973,True
ATTACK_V,0.40,6da6c3252a2d1bac,7.38213168,,False
ATTACK_V,0.40,6e267684a880d520,,0.405426,True
ATTACK_V,0.40,725496d45b624240,,0.92065487,True
ATTACK_V,0.40,7382aa30d498e7b5,,,True
ATTACK_V,0.40,765d10d4d2c416cd,,,True
ATTACK_V,0.40,7b9de626357f28c6,,1.84130973,True
ATTACK_V,0.40,7c13f523be7d6736,7.38213168,,False
ATTACK_V,0.40,7f4060b2ba96d137,,,True
ATTACK_V,0.40,81c2cbf1193bc1dc,,,True
ATTACK_V,0.40,85e833f2e69c8eb2,,0.92065487,True
ATTACK_V,0.40,914a129664cc7061,,1.84130973,True
ATTACK_V,0.40,9ac7077facf41f79,,0.405426,True
ATTACK_V,0.40,9f8e0985fdd0f0af,0.92065487,0.405426,False
ATTACK_V,0.40,a09f19e3c98abbe0,,0.17230605,True
ATTACK_V,0.40,a4c0a3c16677eb27,7.38213168,1.84130973,False
ATTACK_V,0.40,ab617f83f2f06fe8,,,True
ATTACK_V,0.40,ae67d22cdaa0794f,,0.92065487,True
ATTACK_V,0.40,b0f704b34bba4d32,,,True
ATTACK_V,0.40,b8e9774ab01e9d45,0.92065487,0.92065487,False
ATTACK_V,0.40,be8e50b157907083,,,True
ATTACK_V,0.40,c017f16f403ea16d,,,True
ATTACK_V,0.40,c137f0841de67c0b,,3.68261946,True
ATTACK_V,0.40,c2a8a445f4fd9bc7,7.38213168,0.92065487,False
ATTACK_V,0.40,d0c9fd9d0a440f8a,,0.92065487,True
ATTACK_V,0.40,d16b07da6ce739b7,,,True
ATTACK_V,0.40,d6225d41b2483d8c,,,True
ATTACK_V,0.40,d8d1c90ecab8db93,,,True
ATTACK_V,0.40,da210f0559bbe8dc,,,True
ATTACK_V,0.40,da56cb67614dc613,,0.92065487,True
ATTACK_V,0.40,e7865558d29e683e,3.68261946,,False
ATTACK_V,0.40,efe4359f1e0a0903,7.38213168,,False
ATTACK_V,0.40,eff9044acf7f4c30,,0.405426,True
ATTACK_V,0.40,f7e7afd2deb197b0,,,True
ATTACK_V,0.40,fb876ee81650ff9d,,0.92065487,True
ATTACK_V,0.44,0791adad84120250,,0.92065487,True
ATTACK_V,0.44,0e21a3bfdb2b6e1a,3.68261946,,False
ATTACK_V,0.44,0f73df0c247d6c68,,1.84130973,True
ATTACK_V,0.44,12b94fbf341b142c,,,True
ATTACK_V,0.44,16a994f1d87e6471,,,True
ATTACK_V,0.44,18288c2a27d85724,,1.84130973,True
ATTACK_V,0.44,1858440f8e41ea5f,,,True
ATTACK_V,0.44,1e4f10d1d4c41691,,,True
ATTACK_V,0.44,1fa1d530d2fca75c,,0.92065487,True
ATTACK_V,0.44,237c8fee04658ce1,,,True
ATTACK_V,0.44,25a0c52eca8fcb4a,,,True
ATTACK_V,0.44,2d7b739387263a9d,,,True
ATTACK_V,0.44,389e575ba0a40e9c,,0.405426,True
ATTACK_V,0.44,39dec1f52b1e93cd,,0.92065487,True
ATTACK_V,0.44,4567675a4a0b2cbb,,,True
ATTACK_V,0.44,4770519fdde88795,,0.15203475,True
ATTACK_V,0.44,4e88b51c93844ead,,,True
ATTACK_V,0.44,55952de3dc31c800,,0.405426,True
ATTACK_V,0.44,616497b1f3d9e390,,,True
ATTACK_V,0.44,62ab5aef9ad1be4d,7.38213168,,False
ATTACK_V,0.44,68fb881d1cac53fe,,,True
ATTACK_V,0.44,69ba82dc73981083,,1.84130973,True
ATTACK_V,0.44,6da6c3252a2d1bac,7.38213168,,False
ATTACK_V,0.44,6e267684a880d520,,,True
ATTACK_V,0.44,725496d45b624240,,0.92065487,True
ATTACK_V,0.44,7382aa30d498e7b5,,,True
ATTACK_V,0.44,765d10d4d2c416cd,,,True
ATTACK_V,0.44,7b9de626357f28c6,,,True
ATTACK_V,0.44,7c13f523be7d6736,7.38213168,,False
ATTACK_V,0.44,7f4060b2ba96d137,,,True
ATTACK_V,0.44,81c2cbf1193bc1dc,,,True
ATTACK_V,0.44,85e833f2e69c8eb2,,,True
ATTACK_V,0.44,914a129664cc7061,,,True
ATTACK_V,0.44,9ac7077facf41f79,,,True
ATTACK_V,0.44,9f8e0985fdd0f0af,0.92065487,,False
ATTACK_V,0.44,a09f19e3c98abbe0,,,True
ATTACK_V,0.44,a4c0a3c16677eb27,7.38213168,1.84130973,False
ATTACK_V,0.44,ab617f83f2f06fe8,,,True
ATTACK_V,0.44,ae67d22cdaa0794f,,0.92065487,True
ATTACK_V,0.44,b0f704b34bba4d32,,0.405426,True
ATTACK_V,0.44,b8e9774ab01e9d45,0.92065487,,False
ATTACK_V,0.44,be8e50b157907083,,,True
ATTACK_V,0.44,c017f16f403ea16d,,,True
ATTACK_V,0.44,c137f0841de67c0b,,,True
ATTACK_V,0.44,c2a8a445f4fd9bc7,7.38213168,,False
ATTACK_V,0.44,d0c9fd9d0a440f8a,,,True
ATTACK_V,0.44,d16b07da6ce739b7,,0.405426,True
ATTACK_V,0.44,d6225d41b2483d8c,,0.405426,True
ATTACK_V,0.44,d8d1c90ecab8db93,,,True
ATTACK_V,0.44,da210f0559bbe8dc,,,True
ATTACK_V,0.44,da56cb67614dc613,,0.92065487,True
ATTACK_V,0.44,e7865558d29e683e,3.68261946,,False
ATTACK_V,0.44,efe4359f1e0a0903,7.38213168,,False
ATTACK_V,0.44,eff9044acf7f4c30,,,True
ATTACK_V,0.44,f7e7afd2deb197b0,,,True
ATTACK_V,0.44,fb876ee81650ff9d,,0.92065487,True
ATTACK_V,1/3,0791adad84120250,,0.405426,True
ATTACK_V,1/3,0e21a3bfdb2b6e1a,3.68261946,0.405426,False
ATTACK_V,1/3,0f73df0c247d6c68,,7.38213168,True
ATTACK_V,1/3,12b94fbf341b142c,,,True
ATTACK_V,1/3,16a994f1d87e6471,,,True
ATTACK_V,1/3,18288c2a27d85724,,3.68261946,True
ATTACK_V,1/3,1858440f8e41ea5f,,,True
ATTACK_V,1/3,1e4f10d1d4c41691,,0.405426,True
ATTACK_V,1/3,1fa1d530d2fca75c,,0.405426,True
ATTACK_V,1/3,237c8fee04658ce1,,1.84130973,True
ATTACK_V,1/3,25a0c52eca8fcb4a,,0.405426,True
ATTACK_V,1/3,2d7b739387263a9d,,,True
ATTACK_V,1/3,389e575ba0a40e9c,,,True
ATTACK_V,1/3,39dec1f52b1e93cd,,3.68261946,True
ATTACK_V,1/3,4567675a4a0b2cbb,,,True
ATTACK_V,1/3,4770519fdde88795,,,True
ATTACK_V,1/3,4e88b51c93844ead,,,True
ATTACK_V,1/3,55952de3dc31c800,,,True
ATTACK_V,1/3,616497b1f3d9e390,,,True
ATTACK_V,1/3,62ab5aef9ad1be4d,7.38213168,3.68261946,False
ATTACK_V,1/3,68fb881d1cac53fe,,7.38213168,True
ATTACK_V,1/3,69ba82dc73981083,,,True
ATTACK_V,1/3,6da6c3252a2d1bac,7.38213168,0.405426,False
ATTACK_V,1/3,6e267684a880d520,,,True
ATTACK_V,1/3,725496d45b624240,,0.92065487,True
ATTACK_V,1/3,7382aa30d498e7b5,,7.38213168,True
ATTACK_V,1/3,765d10d4d2c416cd,,,True
ATTACK_V,1/3,7b9de626357f28c6,,0.92065487,True
ATTACK_V,1/3,7c13f523be7d6736,7.38213168,0.92065487,False
ATTACK_V,1/3,7f4060b2ba96d137,,0.92065487,True
ATTACK_V,1/3,81c2cbf1193bc1dc,,0.405426,True
ATTACK_V,1/3,85e833f2e69c8eb2,,0.92065487,True
ATTACK_V,1/3,914a129664cc7061,,,True
ATTACK_V,1/3,9ac7077facf41f79,,,True
ATTACK_V,1/3,9f8e0985fdd0f0af,0.92065487,,False
ATTACK_V,1/3,a09f19e3c98abbe0,,,True
ATTACK_V,1/3,a4c0a3c16677eb27,7.38213168,7.38213168,False
ATTACK_V,1/3,ab617f83f2f06fe8,,,True
ATTACK_V,1/3,ae67d22cdaa0794f,,0.92065487,True
ATTACK_V,1/3,b0f704b34bba4d32,,,True
ATTACK_V,1/3,b8e9774ab01e9d45,0.92065487,1.84130973,False
ATTACK_V,1/3,be8e50b157907083,,3.68261946,True
ATTACK_V,1/3,c017f16f403ea16d,,,True
ATTACK_V,1/3,c137f0841de67c0b,,7.38213168,True
ATTACK_V,1/3,c2a8a445f4fd9bc7,3.68261946,1.84130973,False
ATTACK_V,1/3,d0c9fd9d0a440f8a,,1.84130973,True
ATTACK_V,1/3,d16b07da6ce739b7,,,True
ATTACK_V,1/3,d6225d41b2483d8c,,,True
ATTACK_V,1/3,d8d1c90ecab8db93,,0.92065487,True
ATTACK_V,1/3,da210f0559bbe8dc,,0.92065487,True
ATTACK_V,1/3,da56cb67614dc613,,0.405426,True
ATTACK_V,1/3,e7865558d29e683e,3.68261946,,False
ATTACK_V,1/3,efe4359f1e0a0903,7.38213168,3.68261946,False
ATTACK_V,1/3,eff9044acf7f4c30,,,True
ATTACK_V,1/3,f7e7afd2deb197b0,,3.68261946,True
ATTACK_V,1/3,fb876ee81650ff9d,,0.405426,True
ATTACK_W,0.25,0791adad84120250,,0.17230605,True
ATTACK_W,0.25,0e21a3bfdb2b6e1a,0.405426,,False
ATTACK_W,0.25,0f73df0c247d6c68,0.1013565,,False
ATTACK_W,0.25,12b94fbf341b142c,,0.15203475,True
ATTACK_W,0.25,16a994f1d87e6471,,,True
ATTACK_W,0.25,18288c2a27d85724,0.92065487,,False
ATTACK_W,0.25,1858440f8e41ea5f,1.84130973,,False
ATTACK_W,0.25,1e4f10d1d4c41691,,,True
ATTACK_W,0.25,1fa1d530d2fca75c,,0.17230605,True
ATTACK_W,0.25,237c8fee04658ce1,,3.68261946,True
ATTACK_W,0.25,25a0c52eca8fcb4a,,,True
ATTACK_W,0.25,2d7b739387263a9d,,,True
ATTACK_W,0.25,389e575ba0a40e9c,,,True
ATTACK_W,0.25,39dec1f52b1e93cd,7.38213168,,False
ATTACK_W,0.25,4567675a4a0b2cbb,,0.17230605,True
ATTACK_W,0.25,4770519fdde88795,1.84130973,1.84130973,False
ATTACK_W,0.25,4e88b51c93844ead,,,True
ATTACK_W,0.25,55952de3dc31c800,,,True
ATTACK_W,0.25,616497b1f3d9e390,7.38213168,0.15203475,False
ATTACK_W,0.25,62ab5aef9ad1be4d,3.68261946,,False
ATTACK_W,0.25,68fb881d1cac53fe,,1.84130973,True
ATTACK_W,0.25,69ba82dc73981083,,0.405426,True
ATTACK_W,0.25,6da6c3252a2d1bac,1.84130973,,False
ATTACK_W,0.25,6e267684a880d520,3.68261946,,False
ATTACK_W,0.25,725496d45b624240,3.68261946,3.68261946,False
ATTACK_W,0.25,7382aa30d498e7b5,,,True
ATTACK_W,0.25,765d10d4d2c416cd,7.38213168,0.405426,False
ATTACK_W,0.25,7b9de626357f28c6,,0.15203475,True
ATTACK_W,0.25,7c13f523be7d6736,1.84130973,0.405426,False
ATTACK_W,0.25,7f4060b2ba96d137,,,True
ATTACK_W,0.25,81c2cbf1193bc1dc,,,True
ATTACK_W,0.25,85e833f2e69c8eb2,,,True
ATTACK_W,0.25,914a129664cc7061,1.84130973,0.15203475,False
ATTACK_W,0.25,9ac7077facf41f79,,,True
ATTACK_W,0.25,9f8e0985fdd0f0af,0.405426,1.84130973,False
ATTACK_W,0.25,a09f19e3c98abbe0,,,True
ATTACK_W,0.25,a4c0a3c16677eb27,0.1013565,,False
ATTACK_W,0.25,ab617f83f2f06fe8,,,True
ATTACK_W,0.25,ae67d22cdaa0794f,,,True
ATTACK_W,0.25,b0f704b34bba4d32,,,True
ATTACK_W,0.25,b8e9774ab01e9d45,0.405426,,False
ATTACK_W,0.25,be8e50b157907083,,,True
ATTACK_W,0.25,c017f16f403ea16d,,3.68261946,True
ATTACK_W,0.25,c137f0841de67c0b,,,True
ATTACK_W,0.25,c2a8a445f4fd9bc7,0.405426,0.92065487,False
ATTACK_W,0.25,d0c9fd9d0a440f8a,3.68261946,0.92065487,False
ATTACK_W,0.25,d16b07da6ce739b7,,,True
ATTACK_W,0.25,d6225d41b2483d8c,,,True
ATTACK_W,0.25,d8d1c90ecab8db93,,,True
ATTACK_W,0.25,da210f0559bbe8dc,,,True
ATTACK_W,0.25,da56cb67614dc613,3.68261946,0.15203475,False
ATTACK_W,0.25,e7865558d29e683e,,0.92065487,True
ATTACK_W,0.25,efe4359f1e0a0903,7.38213168,,False
ATTACK_W,0.25,eff9044acf7f4c30,,,True
ATTACK_W,0.25,f7e7afd2deb197b0,,,True
ATTACK_W,0.25,fb876ee81650ff9d,,0.15203475,True
ATTACK_W,0.28,0791adad84120250,,,True
ATTACK_W,0.28,0e21a3bfdb2b6e1a,0.405426,,False
ATTACK_W,0.28,0f73df0c247d6c68,0.1013565,,False
ATTACK_W,0.28,12b94fbf341b142c,,,True
ATTACK_W,0.28,16a994f1d87e6471,,,True
ATTACK_W,0.28,18288c2a27d85724,0.92065487,,False
ATTACK_W,0.28,1858440f8e41ea5f,1.84130973,,False
ATTACK_W,0.28,1e4f10d1d4c41691,,,True
ATTACK_W,0.28,1fa1d530d2fca75c,,,True
ATTACK_W,0.28,237c8fee04658ce1,,0.405426,True
ATTACK_W,0.28,25a0c52eca8fcb4a,,,True
ATTACK_W,0.28,2d7b739387263a9d,,,True
ATTACK_W,0.28,389e575ba0a40e9c,,,True
ATTACK_W,0.28,39dec1f52b1e93cd,7.38213168,,False
ATTACK_W,0.28,4567675a4a0b2cbb,,,True
ATTACK_W,0.28,4770519fdde88795,1.84130973,,False
ATTACK_W,0.28,4e88b51c93844ead,,,True
ATTACK_W,0.28,55952de3dc31c800,,1.84130973,True
ATTACK_W,0.28,616497b1f3d9e390,7.38213168,,False
ATTACK_W,0.28,62ab5aef9ad1be4d,3.68261946,,False
ATTACK_W,0.28,68fb881d1cac53fe,,,True
ATTACK_W,0.28,69ba82dc73981083,,0.405426,True
ATTACK_W,0.28,6da6c3252a2d1bac,1.84130973,,False
ATTACK_W,0.28,6e267684a880d520,3.68261946,,False
ATTACK_W,0.28,725496d45b624240,3.68261946,,False
ATTACK_W,0.28,7382aa30d498e7b5,,1.84130973,True
ATTACK_W,0.28,765d10d4d2c416cd,7.38213168,,False
ATTACK_W,0.28,7b9de626357f28c6,,,True
ATTACK_W,0.28,7c13f523be7d6736,1.84130973,,False
ATTACK_W,0.28,7f4060b2ba96d137,,,True
ATTACK_W,0.28,81c2cbf1193bc1dc,,,True
ATTACK_W,0.28,85e833f2e69c8eb2,,0.15203475,True
ATTACK_W,0.28,914a129664cc7061,1.84130973,,False
ATTACK_W,0.28,9ac7077facf41f79,,0.92065487,True
ATTACK_W,0.28,9f8e0985fdd0f0af,0.405426,0.92065487,False
ATTACK_W,0.28,a09f19e3c98abbe0,,1.84130973,True
ATTACK_W,0.28,a4c0a3c16677eb27,0.1013565,,False
ATTACK_W,0.28,ab617f83f2f06fe8,,,True
ATTACK_W,0.28,ae67d22cdaa0794f,,,True
ATTACK_W,0.28,b0f704b34bba4d32,,0.15203475,True
ATTACK_W,0.28,b8e9774ab01e9d45,0.405426,,False
ATTACK_W,0.28,be8e50b157907083,,,True
ATTACK_W,0.28,c017f16f403ea16d,,0.92065487,True
ATTACK_W,0.28,c137f0841de67c0b,,,True
ATTACK_W,0.28,c2a8a445f4fd9bc7,0.405426,,False
ATTACK_W,0.28,d0c9fd9d0a440f8a,3.68261946,,False
ATTACK_W,0.28,d16b07da6ce739b7,,,True
ATTACK_W,0.28,d6225d41b2483d8c,,,True
ATTACK_W,0.28,d8d1c90ecab8db93,,,True
ATTACK_W,0.28,da210f0559bbe8dc,,,True
ATTACK_W,0.28,da56cb67614dc613,3.68261946,,False
ATTACK_W,0.28,e7865558d29e683e,,,True
ATTACK_W,0.28,efe4359f1e0a0903,7.38213168,,False
ATTACK_W,0.28,eff9044acf7f4c30,,,True
ATTACK_W,0.28,f7e7afd2deb197b0,,,True
ATTACK_W,0.28,fb876ee81650ff9d,,,True
ATTACK_W,0.30,0791adad84120250,,,True
ATTACK_W,0.30,0e21a3bfdb2b6e1a,0.405426,,False
ATTACK_W,0.30,0f73df0c247d6c68,0.1013565,,False
ATTACK_W,0.30,12b94fbf341b142c,,,True
ATTACK_W,0.30,16a994f1d87e6471,,1.84130973,True
ATTACK_W,0.30,18288c2a27d85724,0.92065487,,False
ATTACK_W,0.30,1858440f8e41ea5f,1.84130973,1.84130973,False
ATTACK_W,0.30,1e4f10d1d4c41691,,,True
ATTACK_W,0.30,1fa1d530d2fca75c,,,True
ATTACK_W,0.30,237c8fee04658ce1,,0.405426,True
ATTACK_W,0.30,25a0c52eca8fcb4a,,,True
ATTACK_W,0.30,2d7b739387263a9d,,,True
ATTACK_W,0.30,389e575ba0a40e9c,,0.92065487,True
ATTACK_W,0.30,39dec1f52b1e93cd,7.38213168,0.92065487,False
ATTACK_W,0.30,4567675a4a0b2cbb,,,True
ATTACK_W,0.30,4770519fdde88795,1.84130973,,False
ATTACK_W,0.30,4e88b51c93844ead,,1.84130973,True
ATTACK_W,0.30,55952de3dc31c800,,,True
ATTACK_W,0.30,616497b1f3d9e390,7.38213168,,False
ATTACK_W,0.30,62ab5aef9ad1be4d,3.68261946,,False
ATTACK_W,0.30,68fb881d1cac53fe,,,True
ATTACK_W,0.30,69ba82dc73981083,,0.405426,True
ATTACK_W,0.30,6da6c3252a2d1bac,1.84130973,,False
ATTACK_W,0.30,6e267684a880d520,3.68261946,1.84130973,False
ATTACK_W,0.30,725496d45b624240,3.68261946,0.15203475,False
ATTACK_W,0.30,7382aa30d498e7b5,,,True
ATTACK_W,0.30,765d10d4d2c416cd,7.38213168,0.405426,False
ATTACK_W,0.30,7b9de626357f28c6,,,True
ATTACK_W,0.30,7c13f523be7d6736,1.84130973,,False
ATTACK_W,0.30,7f4060b2ba96d137,,0.15203475,True
ATTACK_W,0.30,81c2cbf1193bc1dc,,,True
ATTACK_W,0.30,85e833f2e69c8eb2,,0.15203475,True
ATTACK_W,0.30,914a129664cc7061,1.84130973,,False
ATTACK_W,0.30,9ac7077facf41f79,,0.92065487,True
ATTACK_W,0.30,9f8e0985fdd0f0af,0.405426,0.92065487,False
ATTACK_W,0.30,a09f19e3c98abbe0,,,True
ATTACK_W,0.30,a4c0a3c16677eb27,0.1013565,,False
ATTACK_W,0.30,ab617f83f2f06fe8,,0.15203475,True
ATTACK_W,0.30,ae67d22cdaa0794f,,,True
ATTACK_W,0.30,b0f704b34bba4d32,,,True
ATTACK_W,0.30,b8e9774ab01e9d45,0.405426,,False
ATTACK_W,0.30,be8e50b157907083,,,True
ATTACK_W,0.30,c017f16f403ea16d,,,True
ATTACK_W,0.30,c137f0841de67c0b,,,True
ATTACK_W,0.30,c2a8a445f4fd9bc7,0.405426,0.92065487,False
ATTACK_W,0.30,d0c9fd9d0a440f8a,3.68261946,0.92065487,False
ATTACK_W,0.30,d16b07da6ce739b7,,0.92065487,True
ATTACK_W,0.30,d6225d41b2483d8c,,0.92065487,True
ATTACK_W,0.30,d8d1c90ecab8db93,,,True
ATTACK_W,0.30,da210f0559bbe8dc,,,True
ATTACK_W,0.30,da56cb67614dc613,3.68261946,,False
ATTACK_W,0.30,e7865558d29e683e,,,True
ATTACK_W,0.30,efe4359f1e0a0903,7.38213168,,False
ATTACK_W,0.30,eff9044acf7f4c30,,1.84130973,True
ATTACK_W,0.30,f7e7afd2deb197b0,,,True
ATTACK_W,0.30,fb876ee81650ff9d,,,True
ATTACK_W,0.36,0791adad84120250,,0.15203475,True
ATTACK_W,0.36,0e21a3bfdb2b6e1a,0.405426,0.15203475,False
ATTACK_W,0.36,0f73df0c247d6c68,0.1013565,0.92065487,False
ATTACK_W,0.36,12b94fbf341b142c,,0.405426,True
ATTACK_W,0.36,16a994f1d87e6471,,,True
ATTACK_W,0.36,18288c2a27d85724,0.92065487,1.84130973,False
ATTACK_W,0.36,1858440f8e41ea5f,1.84130973,,False
ATTACK_W,0.36,1e4f10d1d4c41691,,0.15203475,True
ATTACK_W,0.36,1fa1d530d2fca75c,,0.15203475,True
ATTACK_W,0.36,237c8fee04658ce1,,0.92065487,True
ATTACK_W,0.36,25a0c52eca8fcb4a,,0.15203475,True
ATTACK_W,0.36,2d7b739387263a9d,,0.405426,True
ATTACK_W,0.36,389e575ba0a40e9c,,,True
ATTACK_W,0.36,39dec1f52b1e93cd,7.38213168,1.84130973,False
ATTACK_W,0.36,4567675a4a0b2cbb,,0.405426,True
ATTACK_W,0.36,4770519fdde88795,1.84130973,1.84130973,False
ATTACK_W,0.36,4e88b51c93844ead,,,True
ATTACK_W,0.36,55952de3dc31c800,,,True
ATTACK_W,0.36,616497b1f3d9e390,7.38213168,0.405426,False
ATTACK_W,0.36,62ab5aef9ad1be4d,3.68261946,,False
ATTACK_W,0.36,68fb881d1cac53fe,,,True
ATTACK_W,0.36,69ba82dc73981083,,0.405426,True
ATTACK_W,0.36,6da6c3252a2d1bac,1.84130973,1.84130973,False
ATTACK_W,0.36,6e267684a880d520,3.68261946,,False
ATTACK_W,0.36,725496d45b624240,3.68261946,0.405426,False
ATTACK_W,0.36,7382aa30d498e7b5,,,True
ATTACK_W,0.36,765d10d4d2c416cd,7.38213168,0.405426,False
ATTACK_W,0.36,7b9de626357f28c6,,0.405426,True
ATTACK_W,0.36,7c13f523be7d6736,1.84130973,,False
ATTACK_W,0.36,7f4060b2ba96d137,,0.405426,True
ATTACK_W,0.36,81c2cbf1193bc1dc,,1.84130973,True
ATTACK_W,0.36,85e833f2e69c8eb2,,0.405426,True
ATTACK_W,0.36,914a129664cc7061,1.84130973,0.405426,False
ATTACK_W,0.36,9ac7077facf41f79,,,True
ATTACK_W,0.36,9f8e0985fdd0f0af,0.405426,0.405426,False
ATTACK_W,0.36,a09f19e3c98abbe0,,,True
ATTACK_W,0.36,a4c0a3c16677eb27,0.1013565,0.92065487,False
ATTACK_W,0.36,ab617f83f2f06fe8,,,True
ATTACK_W,0.36,ae67d22cdaa0794f,,0.17230605,True
ATTACK_W,0.36,b0f704b34bba4d32,,,True
ATTACK_W,0.36,b8e9774ab01e9d45,0.405426,0.405426,False
ATTACK_W,0.36,be8e50b157907083,,,True
ATTACK_W,0.36,c017f16f403ea16d,,,True
ATTACK_W,0.36,c137f0841de67c0b,,,True
ATTACK_W,0.36,c2a8a445f4fd9bc7,0.405426,0.405426,False
ATTACK_W,0.36,d0c9fd9d0a440f8a,3.68261946,0.405426,False
ATTACK_W,0.36,d16b07da6ce739b7,,,True
ATTACK_W,0.36,d6225d41b2483d8c,,,True
ATTACK_W,0.36,d8d1c90ecab8db93,,0.405426,True
ATTACK_W,0.36,da210f0559bbe8dc,,0.405426,True
ATTACK_W,0.36,da56cb67614dc613,3.68261946,0.15203475,False
ATTACK_W,0.36,e7865558d29e683e,,,True
ATTACK_W,0.36,efe4359f1e0a0903,7.38213168,,False
ATTACK_W,0.36,eff9044acf7f4c30,,,True
ATTACK_W,0.36,f7e7afd2deb197b0,,,True
ATTACK_W,0.36,fb876ee81650ff9d,,0.15203475,True
ATTACK_W,0.40,0791adad84120250,,0.405426,True
ATTACK_W,0.40,0e21a3bfdb2b6e1a,0.405426,0.405426,False
ATTACK_W,0.40,0f73df0c247d6c68,0.1013565,1.84130973,False
ATTACK_W,0.40,12b94fbf341b142c,,0.405426,True
ATTACK_W,0.40,16a994f1d87e6471,,0.15203475,True
ATTACK_W,0.40,18288c2a27d85724,0.92065487,0.92065487,False
ATTACK_W,0.40,1858440f8e41ea5f,1.84130973,0.15203475,False
ATTACK_W,0.40,1e4f10d1d4c41691,,0.405426,True
ATTACK_W,0.40,1fa1d530d2fca75c,,0.405426,True
ATTACK_W,0.40,237c8fee04658ce1,,,True
ATTACK_W,0.40,25a0c52eca8fcb4a,,0.405426,True
ATTACK_W,0.40,2d7b739387263a9d,,0.15203475,True
ATTACK_W,0.40,389e575ba0a40e9c,,,True
ATTACK_W,0.40,39dec1f52b1e93cd,7.38213168,0.92065487,False
ATTACK_W,0.40,4567675a4a0b2cbb,,0.92065487,True
ATTACK_W,0.40,4770519fdde88795,1.84130973,,False
ATTACK_W,0.40,4e88b51c93844ead,,,True
ATTACK_W,0.40,55952de3dc31c800,,,True
ATTACK_W,0.40,616497b1f3d9e390,7.38213168,0.405426,False
ATTACK_W,0.40,62ab5aef9ad1be4d,3.68261946,0.92065487,False
ATTACK_W,0.40,68fb881d1cac53fe,,0.92065487,True
ATTACK_W,0.40,69ba82dc73981083,,0.405426,True
ATTACK_W,0.40,6da6c3252a2d1bac,1.84130973,,False
ATTACK_W,0.40,6e267684a880d520,3.68261946,0.15203475,False
ATTACK_W,0.40,725496d45b624240,3.68261946,0.405426,False
ATTACK_W,0.40,7382aa30d498e7b5,,,True
ATTACK_W,0.40,765d10d4d2c416cd,7.38213168,0.92065487,False
ATTACK_W,0.40,7b9de626357f28c6,,0.405426,True
ATTACK_W,0.40,7c13f523be7d6736,1.84130973,,False
ATTACK_W,0.40,7f4060b2ba96d137,,,True
ATTACK_W,0.40,81c2cbf1193bc1dc,,,True
ATTACK_W,0.40,85e833f2e69c8eb2,,0.405426,True
ATTACK_W,0.40,914a129664cc7061,1.84130973,0.405426,False
ATTACK_W,0.40,9ac7077facf41f79,,0.15203475,True
ATTACK_W,0.40,9f8e0985fdd0f0af,0.405426,,False
ATTACK_W,0.40,a09f19e3c98abbe0,,,True
ATTACK_W,0.40,a4c0a3c16677eb27,0.1013565,1.84130973,False
ATTACK_W,0.40,ab617f83f2f06fe8,,,True
ATTACK_W,0.40,ae67d22cdaa0794f,,0.405426,True
ATTACK_W,0.40,b0f704b34bba4d32,,,True
ATTACK_W,0.40,b8e9774ab01e9d45,0.405426,0.405426,False
ATTACK_W,0.40,be8e50b157907083,,0.92065487,True
ATTACK_W,0.40,c017f16f403ea16d,,,True
ATTACK_W,0.40,c137f0841de67c0b,,0.92065487,True
ATTACK_W,0.40,c2a8a445f4fd9bc7,0.405426,0.17230605,False
ATTACK_W,0.40,d0c9fd9d0a440f8a,3.68261946,0.17230605,False
ATTACK_W,0.40,d16b07da6ce739b7,,,True
ATTACK_W,0.40,d6225d41b2483d8c,,,True
ATTACK_W,0.40,d8d1c90ecab8db93,,,True
ATTACK_W,0.40,da210f0559bbe8dc,,,True
ATTACK_W,0.40,da56cb67614dc613,3.68261946,0.17230605,False
ATTACK_W,0.40,e7865558d29e683e,,,True
ATTACK_W,0.40,efe4359f1e0a0903,7.38213168,0.92065487,False
ATTACK_W,0.40,eff9044acf7f4c30,,0.15203475,True
ATTACK_W,0.40,f7e7afd2deb197b0,,0.92065487,True
ATTACK_W,0.40,fb876ee81650ff9d,,0.17230605,True
ATTACK_W,0.44,0791adad84120250,,0.405426,True
ATTACK_W,0.44,0e21a3bfdb2b6e1a,0.405426,,False
ATTACK_W,0.44,0f73df0c247d6c68,0.1013565,0.405426,False
ATTACK_W,0.44,12b94fbf341b142c,,,True
ATTACK_W,0.44,16a994f1d87e6471,,0.405426,True
ATTACK_W,0.44,18288c2a27d85724,0.92065487,0.405426,False
ATTACK_W,0.44,1858440f8e41ea5f,1.84130973,,False
ATTACK_W,0.44,1e4f10d1d4c41691,,,True
ATTACK_W,0.44,1fa1d530d2fca75c,,0.405426,True
ATTACK_W,0.44,237c8fee04658ce1,,,True
ATTACK_W,0.44,25a0c52eca8fcb4a,,,True
ATTACK_W,0.44,2d7b739387263a9d,,,True
ATTACK_W,0.44,389e575ba0a40e9c,,,True
ATTACK_W,0.44,39dec1f52b1e93cd,7.38213168,0.405426,False
ATTACK_W,0.44,4567675a4a0b2cbb,,,True
ATTACK_W,0.44,4770519fdde88795,1.84130973,,False
ATTACK_W,0.44,4e88b51c93844ead,,,True
ATTACK_W,0.44,55952de3dc31c800,,0.15203475,True
ATTACK_W,0.44,616497b1f3d9e390,7.38213168,,False
ATTACK_W,0.44,62ab5aef9ad1be4d,3.68261946,0.92065487,False
ATTACK_W,0.44,68fb881d1cac53fe,,,True
ATTACK_W,0.44,69ba82dc73981083,,0.405426,True
ATTACK_W,0.44,6da6c3252a2d1bac,1.84130973,,False
ATTACK_W,0.44,6e267684a880d520,3.68261946,0.405426,False
ATTACK_W,0.44,725496d45b624240,3.68261946,0.405426,False
ATTACK_W,0.44,7382aa30d498e7b5,,,True
ATTACK_W,0.44,765d10d4d2c416cd,7.38213168,,False
ATTACK_W,0.44,7b9de626357f28c6,,,True
ATTACK_W,0.44,7c13f523be7d6736,1.84130973,,False
ATTACK_W,0.44,7f4060b2ba96d137,,,True
ATTACK_W,0.44,81c2cbf1193bc1dc,,,True
ATTACK_W,0.44,85e833f2e69c8eb2,,0.405426,True
ATTACK_W,0.44,914a129664cc7061,1.84130973,,False
ATTACK_W,0.44,9ac7077facf41f79,,0.17230605,True
ATTACK_W,0.44,9f8e0985fdd0f0af,0.405426,,False
ATTACK_W,0.44,a09f19e3c98abbe0,,0.15203475,True
ATTACK_W,0.44,a4c0a3c16677eb27,0.1013565,0.405426,False
ATTACK_W,0.44,ab617f83f2f06fe8,,,True
ATTACK_W,0.44,ae67d22cdaa0794f,,0.405426,True
ATTACK_W,0.44,b0f704b34bba4d32,,,True
ATTACK_W,0.44,b8e9774ab01e9d45,0.405426,,False
ATTACK_W,0.44,be8e50b157907083,,0.92065487,True
ATTACK_W,0.44,c017f16f403ea16d,,,True
ATTACK_W,0.44,c137f0841de67c0b,,,True
ATTACK_W,0.44,c2a8a445f4fd9bc7,0.405426,,False
ATTACK_W,0.44,d0c9fd9d0a440f8a,3.68261946,,False
ATTACK_W,0.44,d16b07da6ce739b7,,,True
ATTACK_W,0.44,d6225d41b2483d8c,,,True
ATTACK_W,0.44,d8d1c90ecab8db93,,,True
ATTACK_W,0.44,da210f0559bbe8dc,,,True
ATTACK_W,0.44,da56cb67614dc613,3.68261946,0.405426,False
ATTACK_W,0.44,e7865558d29e683e,,,True
ATTACK_W,0.44,efe4359f1e0a0903,7.38213168,0.92065487,False
ATTACK_W,0.44,eff9044acf7f4c30,,0.405426,True
ATTACK_W,0.44,f7e7afd2deb197b0,,0.92065487,True
ATTACK_W,0.44,fb876ee81650ff9d,,0.405426,True
ATTACK_W,1/3,0791adad84120250,,0.15203475,True
ATTACK_W,1/3,0e21a3bfdb2b6e1a,0.405426,,False
ATTACK_W,1/3,0f73df0c247d6c68,0.1013565,0.92065487,False
ATTACK_W,1/3,12b94fbf341b142c,,0.405426,True
ATTACK_W,1/3,16a994f1d87e6471,,,True
ATTACK_W,1/3,18288c2a27d85724,0.92065487,0.92065487,False
ATTACK_W,1/3,1858440f8e41ea5f,1.84130973,,False
ATTACK_W,1/3,1e4f10d1d4c41691,,0.15203475,True
ATTACK_W,1/3,1fa1d530d2fca75c,,0.15203475,True
ATTACK_W,1/3,237c8fee04658ce1,,0.92065487,True
ATTACK_W,1/3,25a0c52eca8fcb4a,,,True
ATTACK_W,1/3,2d7b739387263a9d,,0.405426,True
ATTACK_W,1/3,389e575ba0a40e9c,,0.92065487,True
ATTACK_W,1/3,39dec1f52b1e93cd,7.38213168,1.84130973,False
ATTACK_W,1/3,4567675a4a0b2cbb,,0.405426,True
ATTACK_W,1/3,4770519fdde88795,1.84130973,1.84130973,False
ATTACK_W,1/3,4e88b51c93844ead,,1.84130973,True
ATTACK_W,1/3,55952de3dc31c800,,,True
ATTACK_W,1/3,616497b1f3d9e390,7.38213168,0.405426,False
ATTACK_W,1/3,62ab5aef9ad1be4d,3.68261946,,False
ATTACK_W,1/3,68fb881d1cac53fe,,,True
ATTACK_W,1/3,69ba82dc73981083,,0.405426,True
ATTACK_W,1/3,6da6c3252a2d1bac,1.84130973,0.15203475,False
ATTACK_W,1/3,6e267684a880d520,3.68261946,,False
ATTACK_W,1/3,725496d45b624240,3.68261946,0.17230605,False
ATTACK_W,1/3,7382aa30d498e7b5,,,True
ATTACK_W,1/3,765d10d4d2c416cd,7.38213168,0.405426,False
ATTACK_W,1/3,7b9de626357f28c6,,0.405426,True
ATTACK_W,1/3,7c13f523be7d6736,1.84130973,0.15203475,False
ATTACK_W,1/3,7f4060b2ba96d137,,0.17230605,True
ATTACK_W,1/3,81c2cbf1193bc1dc,,,True
ATTACK_W,1/3,85e833f2e69c8eb2,,3.68261946,True
ATTACK_W,1/3,914a129664cc7061,1.84130973,0.405426,False
ATTACK_W,1/3,9ac7077facf41f79,,,True
ATTACK_W,1/3,9f8e0985fdd0f0af,0.405426,0.405426,False
ATTACK_W,1/3,a09f19e3c98abbe0,,,True
ATTACK_W,1/3,a4c0a3c16677eb27,0.1013565,0.92065487,False
ATTACK_W,1/3,ab617f83f2f06fe8,,,True
ATTACK_W,1/3,ae67d22cdaa0794f,,0.15203475,True
ATTACK_W,1/3,b0f704b34bba4d32,,,True
ATTACK_W,1/3,b8e9774ab01e9d45,0.405426,,False
ATTACK_W,1/3,be8e50b157907083,,,True
ATTACK_W,1/3,c017f16f403ea16d,,,True
ATTACK_W,1/3,c137f0841de67c0b,,,True
ATTACK_W,1/3,c2a8a445f4fd9bc7,0.405426,0.92065487,False
ATTACK_W,1/3,d0c9fd9d0a440f8a,3.68261946,0.92065487,False
ATTACK_W,1/3,d16b07da6ce739b7,,3.68261946,True
ATTACK_W,1/3,d6225d41b2483d8c,,3.68261946,True
ATTACK_W,1/3,d8d1c90ecab8db93,,0.15203475,True
ATTACK_W,1/3,da210f0559bbe8dc,,,True
ATTACK_W,1/3,da56cb67614dc613,3.68261946,,False
ATTACK_W,1/3,e7865558d29e683e,,0.405426,True
ATTACK_W,1/3,efe4359f1e0a0903,7.38213168,,False
ATTACK_W,1/3,eff9044acf7f4c30,,,True
ATTACK_W,1/3,f7e7afd2deb197b0,,,True
ATTACK_W,1/3,fb876ee81650ff9d,,,True
