dataset,prompt_id,prompt_hash,first_version_used,purpose,split,ever_used_for_tuning,ever_used_for_final,raw_text_committed
jbb_harmful,24a437417442610c,24a437417442610c,V3.2,D_direction,D_direction,True,False,False
jbb_harmful,2c73419c6d568b1e,2c73419c6d568b1e,V3.2,D_direction,D_direction,True,False,False
jbb_harmful,39d82d98bba753e1,39d82d98bba753e1,V3.2,D_direction,D_direction,True,False,False
jbb_harmful,4527475587c9746f,4527475587c9746f,V3.2,D_direction,D_direction,True,False,False
jbb_harmful,51efbd986d5b0544,51efbd986d5b0544,V3.2,D_direction,D_direction,True,False,False
jbb_harmful,6402e48b142b5645,6402e48b142b5645,V3.2,D_direction,D_direction,True,False,False
jbb_harmful,67576d002fef4127,67576d002fef4127,V3.2,D_direction,D_direction,True,False,False
jbb_harmful,69f8288b409150df,69f8288b409150df,V3.2,D_direction,D_direction,True,False,False
jbb_harmful,6bf90938b95bd836,6bf90938b95bd836,V3.2,D_direction,D_direction,True,False,False
jbb_harmful,72b5c82fea785433,72b5c82fea785433,V3.2,D_direction,D_direction,True,False,False
jbb_harmful,8344cae588f24bd6,8344cae588f24bd6,V3.2,D_direction,D_direction,True,False,False
jbb_harmful,86e435734ec10552,86e435734ec10552,V3.2,D_direction,D_direction,True,False,False
jbb_harmful,a353df04b87926c7,a353df04b87926c7,V3.2,D_direction,D_direction,True,False,False
jbb_harmful,a6a15792a6975204,a6a15792a6975204,V3.2,D_direction,D_direction,True,False,False
jbb_harmful,add373c90c0469e8,add373c90c0469e8,V3.2,D_direction,D_direction,True,False,False
jbb_harmful,b7b2545e76ea6296,b7b2545e76ea6296,V3.2,D_direction,D_direction,True,False,False
jbb_harmful,b9fc2239c6eb8886,b9fc2239c6eb8886,V3.2,D_direction,D_direction,True,False,False
jbb_harmful,c723974620dbf279,c723974620dbf279,V3.2,D_direction,D_direction,True,False,False
jbb_harmful,d897d164a8162c13,d897d164a8162c13,V3.2,D_direction,D_direction,True,False,False
jbb_harmful,f371f6d68fb6c045,f371f6d68fb6c045,V3.2,D_direction,D_direction,True,False,False
jbb_harmful,04fd3129447cde31,04fd3129447cde31,V3.2,D_calibration,D_calibration,True,False,False
jbb_harmful,240ac1420faef765,240ac1420faef765,V3.2,D_calibration,D_calibration,True,False,False
jbb_harmful,3bb1a66430b3e163,3bb1a66430b3e163,V3.2,D_calibration,D_calibration,True,False,False
jbb_harmful,438b85b72995745b,438b85b72995745b,V3.2,D_calibration,D_calibration,True,False,False
jbb_harmful,645b14550f0dead2,645b14550f0dead2,V3.2,D_calibration,D_calibration,True,False,False
jbb_harmful,8bf812f301c3e46e,8bf812f301c3e46e,V3.2,D_calibration,D_calibration,True,False,False
jbb_harmful,997b2716e90f3f8d,997b2716e90f3f8d,V3.2,D_calibration,D_calibration,True,False,False
jbb_harmful,b78a459f9afcd383,b78a459f9afcd383,V3.2,D_calibration,D_calibration,True,False,False
jbb_harmful,be764bd1db7e394c,be764bd1db7e394c,V3.2,D_calibration,D_calibration,True,False,False
jbb_harmful,dcc69519f7e09e4c,dcc69519f7e09e4c,V3.2,D_calibration,D_calibration,True,False,False
jbb_harmful,2afe1cd2b43b2417,2afe1cd2b43b2417,V3.2,D_budget,D_budget,True,False,False
jbb_harmful,33f82200669d90c9,33f82200669d90c9,V3.2,D_budget,D_budget,True,False,False
jbb_harmful,60294cb5d88a086f,60294cb5d88a086f,V3.2,D_budget,D_budget,True,False,False
jbb_harmful,965c3777eae05d5b,965c3777eae05d5b,V3.2,D_budget,D_budget,True,False,False
jbb_harmful,998874eaed8ddd6d,998874eaed8ddd6d,V3.2,D_budget,D_budget,True,False,False
jbb_harmful,b185f8a272c83e8b,b185f8a272c83e8b,V3.2,D_budget,D_budget,True,False,False
jbb_harmful,b61e44b6a21d584a,b61e44b6a21d584a,V3.2,D_budget,D_budget,True,False,False
jbb_harmful,c47ca065e2568851,c47ca065e2568851,V3.2,D_budget,D_budget,True,False,False
jbb_harmful,eeca6bdf5eb4eb05,eeca6bdf5eb4eb05,V3.2,D_budget,D_budget,True,False,False
jbb_harmful,fad7b499a9935dda,fad7b499a9935dda,V3.2,D_budget,D_budget,True,False,False
jbb_harmful,144b61a9b5630343,144b61a9b5630343,V3.2,D_dev,D_dev,True,False,False
jbb_harmful,2e0889fa4ad6ea8c,2e0889fa4ad6ea8c,V3.2,D_dev,D_dev,True,False,False
jbb_harmful,348140251ef5bf66,348140251ef5bf66,V3.2,D_dev,D_dev,True,False,False
jbb_harmful,755ac23a2f840f49,755ac23a2f840f49,V3.2,D_dev,D_dev,True,False,False
jbb_harmful,7c372039c840fb6d,7c372039c840fb6d,V3.2,D_dev,D_dev,True,False,False
jbb_harmful,9f7057b4676b5583,9f7057b4676b5583,V3.2,D_dev,D_dev,True,False,False
jbb_harmful,b2b05ba759b994a1,b2b05ba759b994a1,V3.2,D_dev,D_dev,True,False,False
jbb_harmful,b745dc0604483664,b745dc0604483664,V3.2,D_dev,D_dev,True,False,False
jbb_harmful,be2c40a373bff63c,be2c40a373bff63c,V3.2,D_dev,D_dev,True,False,False
jbb_harmful,d5dadfad88fb7383,d5dadfad88fb7383,V3.2,D_dev,D_dev,True,False,False
jbb_harmful,0050cc7876e55913,0050cc7876e55913,V3.2,D_test,D_test,False,True,False
jbb_harmful,005781a48b483502,005781a48b483502,V3.2,D_test,D_test,False,True,False
jbb_harmful,02e457941f8b4c86,02e457941f8b4c86,V3.2,D_test,D_test,False,True,False
jbb_harmful,0b7dac16eea5116b,0b7dac16eea5116b,V3.2,D_test,D_test,False,True,False
jbb_harmful,10130194674cbf8b,10130194674cbf8b,V3.2,D_test,D_test,False,True,False
jbb_harmful,1d701acfc6c6d4fa,1d701acfc6c6d4fa,V3.2,D_test,D_test,False,True,False
jbb_harmful,1df1518943bb0a9e,1df1518943bb0a9e,V3.2,D_test,D_test,False,True,False
jbb_harmful,1edc5f328c1371c5,1edc5f328c1371c5,V3.2,D_test,D_test,False,True,False
jbb_harmful,20ca69931a7f3f69,20ca69931a7f3f69,V3.2,D_test,D_test,False,True,False
jbb_harmful,22971b5f73ffc4ed,22971b5f73ffc4ed,V3.2,D_test,D_test,False,True,False
jbb_harmful,244dcd310f4f3355,244dcd310f4f3355,V3.2,D_test,D_test,False,True,False
jbb_harmful,288a3dfeffedf427,288a3dfeffedf427,V3.2,D_test,D_test,False,True,False
jbb_harmful,2b5a55d1cc0067b2,2b5a55d1cc0067b2,V3.2,D_test,D_test,False,True,False
jbb_harmful,2d2c5781c810e5ad,2d2c5781c810e5ad,V3.2,D_test,D_test,False,True,False
jbb_harmful,36e26290ffdc487c,36e26290ffdc487c,V3.2,D_test,D_test,False,True,False
jbb_harmful,3991f39ca9af3d98,3991f39ca9af3d98,V3.2,D_test,D_test,False,True,False
jbb_harmful,41cbf566cb043949,41cbf566cb043949,V3.2,D_test,D_test,False,True,False
jbb_harmful,4ab9fb541f3f6c30,4ab9fb541f3f6c30,V3.2,D_test,D_test,False,True,False
jbb_harmful,4abdfd3d1917cd04,4abdfd3d1917cd04,V3.2,D_test,D_test,False,True,False
jbb_harmful,4b8d3c3c6c10deb8,4b8d3c3c6c10deb8,V3.2,D_test,D_test,False,True,False
jbb_harmful,4da5a7ea784f8c6d,4da5a7ea784f8c6d,V3.2,D_test,D_test,False,True,False
jbb_harmful,587a815c09452a66,587a815c09452a66,V3.2,D_test,D_test,False,True,False
jbb_harmful,727d42f9caba144c,727d42f9caba144c,V3.2,D_test,D_test,False,True,False
jbb_harmful,73d8c52a89607f1f,73d8c52a89607f1f,V3.2,D_test,D_test,False,True,False
jbb_harmful,7ce1504cbdb83e1d,7ce1504cbdb83e1d,V3.2,D_test,D_test,False,True,False
jbb_harmful,7d81fec0c0ad5cfb,7d81fec0c0ad5cfb,V3.2,D_test,D_test,False,True,False
jbb_harmful,853a8e6b978dc0e5,853a8e6b978dc0e5,V3.2,D_test,D_test,False,True,False
jbb_harmful,8a4b5dc09550b348,8a4b5dc09550b348,V3.2,D_test,D_test,False,True,False
jbb_harmful,8d83ab85999515ac,8d83ab85999515ac,V3.2,D_test,D_test,False,True,False
jbb_harmful,8da22a2bb27cf9cd,8da22a2bb27cf9cd,V3.2,D_test,D_test,False,True,False
jbb_harmful,9022e3c16577eb94,9022e3c16577eb94,V3.2,D_test,D_test,False,True,False
jbb_harmful,936e0b8c6301c7d8,936e0b8c6301c7d8,V3.2,D_test,D_test,False,True,False
jbb_harmful,944896031f0e373c,944896031f0e373c,V3.2,D_test,D_test,False,True,False
jbb_harmful,970c85fa32c52429,970c85fa32c52429,V3.2,D_test,D_test,False,True,False
jbb_harmful,9d7c1f1cdad027ed,9d7c1f1cdad027ed,V3.2,D_test,D_test,False,True,False
jbb_harmful,9f69978661a5c493,9f69978661a5c493,V3.2,D_test,D_test,False,True,False
jbb_harmful,a9e716a840f16125,a9e716a840f16125,V3.2,D_test,D_test,False,True,False
jbb_harmful,af2542aaf2cec400,af2542aaf2cec400,V3.2,D_test,D_test,False,True,False
jbb_harmful,b78b59e2a3c0adcb,b78b59e2a3c0adcb,V3.2,D_test,D_test,False,True,False
jbb_harmful,bc3418728d141792,bc3418728d141792,V3.2,D_test,D_test,False,True,False
jbb_harmful,bf18d1ffdde86090,bf18d1ffdde86090,V3.2,D_test,D_test,False,True,False
jbb_harmful,d07c4fcb537efb5a,d07c4fcb537efb5a,V3.2,D_test,D_test,False,True,False
jbb_harmful,d309edf9243881a9,d309edf9243881a9,V3.2,D_test,D_test,False,True,False
jbb_harmful,d5ea8284b8ff154f,d5ea8284b8ff154f,V3.2,D_test,D_test,False,True,False
jbb_harmful,e4fcc40e432a1de9,e4fcc40e432a1de9,V3.2,D_test,D_test,False,True,False
jbb_harmful,e689c20cf634f61b,e689c20cf634f61b,V3.2,D_test,D_test,False,True,False
jbb_harmful,ed57017341d74a76,ed57017341d74a76,V3.2,D_test,D_test,False,True,False
jbb_harmful,fb80856fbb14e104,fb80856fbb14e104,V3.2,D_test,D_test,False,True,False
jbb_harmful,fc477c545737032a,fc477c545737032a,V3.2,D_test,D_test,False,True,False
jbb_harmful,fec02ca49d763c26,fec02ca49d763c26,V3.2,D_test,D_test,False,True,False
xstest_unsafe,84e68003461a280a,84e68003461a280a,V3.3.2,D_final_v332,D_final_v332,False,True,False
xstest_unsafe,95c450a5783d98d1,95c450a5783d98d1,V3.3.2,D_final_v332,D_final_v332,False,True,False
xstest_unsafe,7cb1a1cd2792a86d,7cb1a1cd2792a86d,V3.3.2,D_final_v332,D_final_v332,False,True,False
xstest_unsafe,87f005d7afd3584c,87f005d7afd3584c,V3.3.2,D_final_v332,D_final_v332,False,True,False
xstest_unsafe,acef3ec6bce666a4,acef3ec6bce666a4,V3.3.2,D_final_v332,D_final_v332,False,True,False
xstest_unsafe,4cfbab1a43f70d42,4cfbab1a43f70d42,V3.3.2,D_final_v332,D_final_v332,False,True,False
xstest_unsafe,f8e403137f14303f,f8e403137f14303f,V3.3.2,D_final_v332,D_final_v332,False,True,False
xstest_unsafe,d4e67aa01c9c7de9,d4e67aa01c9c7de9,V3.3.2,D_final_v332,D_final_v332,False,True,False
xstest_unsafe,e8cbf9e8f28cd4f8,e8cbf9e8f28cd4f8,V3.3.2,D_final_v332,D_final_v332,False,True,False
xstest_unsafe,f3154aca0f41e4de,f3154aca0f41e4de,V3.3.2,D_final_v332,D_final_v332,False,True,False
xstest_unsafe,4132118fbfcb7d02,4132118fbfcb7d02,V3.3.2,D_final_v332,D_final_v332,False,True,False
xstest_unsafe,bed42d372da68bcf,bed42d372da68bcf,V3.3.2,D_final_v332,D_final_v332,False,True,False
xstest_unsafe,d3d40143c3aa83cb,d3d40143c3aa83cb,V3.3.2,D_final_v332,D_final_v332,False,True,False
xstest_unsafe,057ab6564f48b1b2,057ab6564f48b1b2,V3.3.2,D_final_v332,D_final_v332,False,True,False
xstest_unsafe,54e36c9a152122c6,54e36c9a152122c6,V3.3.2,D_final_v332,D_final_v332,False,True,False
xstest_unsafe,330ab97ccd94b9c3,330ab97ccd94b9c3,V3.3.2,D_final_v332,D_final_v332,False,True,False
xstest_unsafe,753ece303f221daa,753ece303f221daa,V3.3.2,D_final_v332,D_final_v332,False,True,False
xstest_unsafe,32f65eb7f822a81f,32f65eb7f822a81f,V3.3.2,D_final_v332,D_final_v332,False,True,False
xstest_unsafe,ba0adcf440633ccd,ba0adcf440633ccd,V3.3.2,D_final_v332,D_final_v332,False,True,False
xstest_unsafe,32d32b9cc95632e2,32d32b9cc95632e2,V3.3.2,D_final_v332,D_final_v332,False,True,False
xstest_unsafe,f0f8df03bbe5e63a,f0f8df03bbe5e63a,V3.3.2,D_final_v332,D_final_v332,False,True,False
xstest_unsafe,39e75f5a4127caac,39e75f5a4127caac,V3.3.2,D_final_v332,D_final_v332,False,True,False
xstest_unsafe,186b7c1f03e07257,186b7c1f03e07257,V3.3.2,D_final_v332,D_final_v332,False,True,False
xstest_unsafe,d7e864250e2329ad,d7e864250e2329ad,V3.3.2,D_final_v332,D_final_v332,False,True,False
xstest_unsafe,026a23af85772b02,026a23af85772b02,V3.3.2,D_final_v332,D_final_v332,False,True,False
xstest_unsafe,bed783f3426e6c62,bed783f3426e6c62,V3.3.2,D_final_v332,D_final_v332,False,True,False
xstest_unsafe,a4878fe676591a15,a4878fe676591a15,V3.3.2,D_final_v332,D_final_v332,False,True,False
xstest_unsafe,b2eb3caca901547c,b2eb3caca901547c,V3.3.2,D_final_v332,D_final_v332,False,True,False
xstest_unsafe,ca2e4b8acfc76ed8,ca2e4b8acfc76ed8,V3.3.2,D_final_v332,D_final_v332,False,True,False
xstest_unsafe,5b3b3c5dbccfe07d,5b3b3c5dbccfe07d,V3.3.2,D_final_v332,D_final_v332,False,True,False
xstest_unsafe,e9d55b39070c97b4,e9d55b39070c97b4,V3.3.2,D_final_v332,D_final_v332,False,True,False
xstest_unsafe,29230e9aa3720173,29230e9aa3720173,V3.3.2,D_final_v332,D_final_v332,False,True,False
xstest_unsafe,1070deb51a4272a1,1070deb51a4272a1,V3.3.2,D_final_v332,D_final_v332,False,True,False
xstest_unsafe,b21341dd316738f2,b21341dd316738f2,V3.3.2,D_final_v332,D_final_v332,False,True,False
xstest_unsafe,4d1f7f8fc78ffcb3,4d1f7f8fc78ffcb3,V3.3.2,D_final_v332,D_final_v332,False,True,False
xstest_unsafe,5d941bb516ace191,5d941bb516ace191,V3.3.2,D_final_v332,D_final_v332,False,True,False
xstest_unsafe,5acf465df0c95811,5acf465df0c95811,V3.3.2,D_final_v332,D_final_v332,False,True,False
xstest_unsafe,f4e2834f7bbc3f6e,f4e2834f7bbc3f6e,V3.3.2,D_final_v332,D_final_v332,False,True,False
xstest_unsafe,5e2255cad4226c93,5e2255cad4226c93,V3.3.2,D_final_v332,D_final_v332,False,True,False
xstest_unsafe,2b13bc8134a190e4,2b13bc8134a190e4,V3.3.2,D_final_v332,D_final_v332,False,True,False
xstest_unsafe,2c176756c37c254f,2c176756c37c254f,V3.3.2,D_final_v332,D_final_v332,False,True,False
xstest_unsafe,9d8f3a4960923e59,9d8f3a4960923e59,V3.3.2,D_final_v332,D_final_v332,False,True,False
xstest_unsafe,86c5ed4fd9c0e7d7,86c5ed4fd9c0e7d7,V3.3.2,D_final_v332,D_final_v332,False,True,False
xstest_unsafe,948c482fa1e98c61,948c482fa1e98c61,V3.3.2,D_final_v332,D_final_v332,False,True,False
xstest_unsafe,7c5a1203bd8152f8,7c5a1203bd8152f8,V3.3.2,D_final_v332,D_final_v332,False,True,False
xstest_unsafe,dc19efaab1254b8f,dc19efaab1254b8f,V3.3.2,D_final_v332,D_final_v332,False,True,False
xstest_unsafe,962112f68f3a341f,962112f68f3a341f,V3.3.2,D_final_v332,D_final_v332,False,True,False
xstest_unsafe,f7d9ded34c4884e0,f7d9ded34c4884e0,V3.3.2,D_final_v332,D_final_v332,False,True,False
xstest_unsafe,09f7c3f44ef1d3bb,09f7c3f44ef1d3bb,V3.3.2,D_final_v332,D_final_v332,False,True,False
xstest_unsafe,263c35317080a522,263c35317080a522,V3.3.2,D_final_v332,D_final_v332,False,True,False
xstest_unsafe,4e1767c6de4cde3e,4e1767c6de4cde3e,V3.3.2,D_final_v332,D_final_v332,False,True,False
xstest_unsafe,1332de0a8d59573a,1332de0a8d59573a,V3.3.2,D_final_v332,D_final_v332,False,True,False
xstest_unsafe,3f320b7d4f3c7e97,3f320b7d4f3c7e97,V3.3.2,D_final_v332,D_final_v332,False,True,False
xstest_unsafe,096cb45a456f6f78,096cb45a456f6f78,V3.3.2,D_final_v332,D_final_v332,False,True,False
xstest_unsafe,3032ca7bae0fb689,3032ca7bae0fb689,V3.3.2,D_final_v332,D_final_v332,False,True,False
xstest_unsafe,4647ad5e9d64bb99,4647ad5e9d64bb99,V3.3.2,D_final_v332,D_final_v332,False,True,False
xstest_unsafe,edf1c65a27d8596e,edf1c65a27d8596e,V3.3.2,D_final_v332,D_final_v332,False,True,False
xstest_unsafe,a5faf107b3078ea8,a5faf107b3078ea8,V3.3.2,D_final_v332,D_final_v332,False,True,False
xstest_unsafe,0ce56571dce9f025,0ce56571dce9f025,V3.3.2,D_final_v332,D_final_v332,False,True,False
xstest_unsafe,25ace97c646e9df0,25ace97c646e9df0,V3.3.2,D_final_v332,D_final_v332,False,True,False
xstest_safe,622c23b7b2e539c6,622c23b7b2e539c6,V3.1,benign_utility_probe,benign,True,False,False
xstest_safe,46bca8ccad83fd25,46bca8ccad83fd25,V3.1,benign_utility_probe,benign,True,False,False
xstest_safe,9ec0b495ecaf33eb,9ec0b495ecaf33eb,V3.1,benign_utility_probe,benign,True,False,False
xstest_safe,9b37de6d7e52d91a,9b37de6d7e52d91a,V3.1,benign_utility_probe,benign,True,False,False
xstest_safe,00da7484455e5aaa,00da7484455e5aaa,V3.1,benign_utility_probe,benign,True,False,False
xstest_safe,771df47f71e1cbf1,771df47f71e1cbf1,V3.1,benign_utility_probe,benign,True,False,False
xstest_safe,7a9e8a2934f6043e,7a9e8a2934f6043e,V3.1,benign_utility_probe,benign,True,False,False
xstest_safe,608500570a775da4,608500570a775da4,V3.1,benign_utility_probe,benign,True,False,False
xstest_safe,728acadcc2e03f05,728acadcc2e03f05,V3.1,benign_utility_probe,benign,True,False,False
xstest_safe,7e6e085206f61e56,7e6e085206f61e56,V3.1,benign_utility_probe,benign,True,False,False
xstest_safe,2654f84f9f2f8d9a,2654f84f9f2f8d9a,V3.1,benign_utility_probe,benign,True,False,False
xstest_safe,78add90cebef3817,78add90cebef3817,V3.1,benign_utility_probe,benign,True,False,False
xstest_safe,7ff9b247f57b9163,7ff9b247f57b9163,V3.1,benign_utility_probe,benign,True,False,False
xstest_safe,6e49f48d2973cf62,6e49f48d2973cf62,V3.1,benign_utility_probe,benign,True,False,False
xstest_safe,af93b50f9a67c00a,af93b50f9a67c00a,V3.1,benign_utility_probe,benign,True,False,False
xstest_safe,a31a47da3316bb09,a31a47da3316bb09,V3.1,benign_utility_probe,benign,True,False,False
xstest_safe,56e3dc00cdc12369,56e3dc00cdc12369,V3.1,benign_utility_probe,benign,True,False,False
xstest_safe,5a83159f02f493fb,5a83159f02f493fb,V3.1,benign_utility_probe,benign,True,False,False
xstest_safe,29b89e8a20bc4540,29b89e8a20bc4540,V3.1,benign_utility_probe,benign,True,False,False
xstest_safe,be5dc4259ee6c910,be5dc4259ee6c910,V3.1,benign_utility_probe,benign,True,False,False
xstest_safe,0d01dce14004919a,0d01dce14004919a,V3.1,benign_utility_probe,benign,True,False,False
xstest_safe,0d09d6b8c08d792d,0d09d6b8c08d792d,V3.1,benign_utility_probe,benign,True,False,False
xstest_safe,c61a050e0e6df5b6,c61a050e0e6df5b6,V3.1,benign_utility_probe,benign,True,False,False
xstest_safe,ea9e1fdfef9527ff,ea9e1fdfef9527ff,V3.1,benign_utility_probe,benign,True,False,False
xstest_safe,e8c47b6cd859aca9,e8c47b6cd859aca9,V3.1,benign_utility_probe,benign,True,False,False
xstest_safe,236b88d992dc213a,236b88d992dc213a,V3.1,benign_utility_probe,benign,True,False,False
xstest_safe,0952f7ac6df18083,0952f7ac6df18083,V3.1,benign_utility_probe,benign,True,False,False
xstest_safe,bc69f86a72118199,bc69f86a72118199,V3.1,benign_utility_probe,benign,True,False,False
xstest_safe,822eb8e8c205d3e5,822eb8e8c205d3e5,V3.1,benign_utility_probe,benign,True,False,False
xstest_safe,e8f19ddf4e0628d6,e8f19ddf4e0628d6,V3.1,benign_utility_probe,benign,True,False,False
xstest_safe,d13f61fed784abeb,d13f61fed784abeb,V3.1,benign_utility_probe,benign,True,False,False
xstest_safe,eb92e827a206b158,eb92e827a206b158,V3.1,benign_utility_probe,benign,True,False,False
xstest_safe,6170102e3f2a4b20,6170102e3f2a4b20,V3.1,benign_utility_probe,benign,True,False,False
xstest_safe,0fe2284d04f7fa0b,0fe2284d04f7fa0b,V3.1,benign_utility_probe,benign,True,False,False
xstest_safe,5e852f7c63cf3978,5e852f7c63cf3978,V3.1,benign_utility_probe,benign,True,False,False
xstest_safe,6c7115b880b8125c,6c7115b880b8125c,V3.1,benign_utility_probe,benign,True,False,False
xstest_safe,0452ae7237ef90ad,0452ae7237ef90ad,V3.1,benign_utility_probe,benign,True,False,False
xstest_safe,753ec97d0ccaf1c7,753ec97d0ccaf1c7,V3.1,benign_utility_probe,benign,True,False,False
xstest_safe,b127fbe2cd48f5bb,b127fbe2cd48f5bb,V3.1,benign_utility_probe,benign,True,False,False
xstest_safe,f7ce3cbf8acfdbb1,f7ce3cbf8acfdbb1,V3.1,benign_utility_probe,benign,True,False,False
xstest_safe,0805f783982c1fea,0805f783982c1fea,V3.1,benign_utility_probe,benign,True,False,False
xstest_safe,d92579f62290c787,d92579f62290c787,V3.1,benign_utility_probe,benign,True,False,False
xstest_safe,56d2b14a084bd4be,56d2b14a084bd4be,V3.1,benign_utility_probe,benign,True,False,False
xstest_safe,a6b1fb4d4b5d061b,a6b1fb4d4b5d061b,V3.1,benign_utility_probe,benign,True,False,False
xstest_safe,734c52b494ec37c4,734c52b494ec37c4,V3.1,benign_utility_probe,benign,True,False,False
xstest_safe,309472cc5e882f2b,309472cc5e882f2b,V3.1,benign_utility_probe,benign,True,False,False
xstest_safe,63a74b6b1a09de24,63a74b6b1a09de24,V3.1,benign_utility_probe,benign,True,False,False
xstest_safe,7ffbb488cc5b1713,7ffbb488cc5b1713,V3.1,benign_utility_probe,benign,True,False,False
xstest_safe,831c2d3478a84b65,831c2d3478a84b65,V3.1,benign_utility_probe,benign,True,False,False
xstest_safe,50d43c26f487a023,50d43c26f487a023,V3.1,benign_utility_probe,benign,True,False,False
xstest_safe,f88a6ccaf1274096,f88a6ccaf1274096,V3.1,benign_utility_probe,benign,True,False,False
xstest_safe,e6763dfdc2681c29,e6763dfdc2681c29,V3.1,benign_utility_probe,benign,True,False,False
xstest_safe,4e39c934fbd61547,4e39c934fbd61547,V3.1,benign_utility_probe,benign,True,False,False
xstest_safe,e2e5a8d5542c6f7e,e2e5a8d5542c6f7e,V3.1,benign_utility_probe,benign,True,False,False
xstest_safe,2545264c5e21a391,2545264c5e21a391,V3.1,benign_utility_probe,benign,True,False,False
xstest_safe,9783ce8cd2e532e6,9783ce8cd2e532e6,V3.1,benign_utility_probe,benign,True,False,False
xstest_safe,f482ca329379a762,f482ca329379a762,V3.1,benign_utility_probe,benign,True,False,False
xstest_safe,4cc8d6a0cbb0eb82,4cc8d6a0cbb0eb82,V3.1,benign_utility_probe,benign,True,False,False
xstest_safe,275edddf304f6137,275edddf304f6137,V3.1,benign_utility_probe,benign,True,False,False
xstest_safe,6aa2b50176b55764,6aa2b50176b55764,V3.1,benign_utility_probe,benign,True,False,False
xstest_safe,0c9f92a6caff751a,0c9f92a6caff751a,V3.1,benign_utility_probe,benign,True,False,False
xstest_safe,2dd4e6d46b2ed9fc,2dd4e6d46b2ed9fc,V3.1,benign_utility_probe,benign,True,False,False
xstest_safe,00aee5ee3762238f,00aee5ee3762238f,V3.1,benign_utility_probe,benign,True,False,False
xstest_safe,84f94641b8cf0fa0,84f94641b8cf0fa0,V3.1,benign_utility_probe,benign,True,False,False
xstest_safe,fa154a872924a46d,fa154a872924a46d,V3.1,benign_utility_probe,benign,True,False,False
xstest_safe,709917dec294cb4b,709917dec294cb4b,V3.1,benign_utility_probe,benign,True,False,False
xstest_safe,5f71b6b7ff693a6f,5f71b6b7ff693a6f,V3.1,benign_utility_probe,benign,True,False,False
xstest_safe,e7f5f2a53869b580,e7f5f2a53869b580,V3.1,benign_utility_probe,benign,True,False,False
xstest_safe,83d3617d691408f7,83d3617d691408f7,V3.1,benign_utility_probe,benign,True,False,False
xstest_safe,d78f67d3e40018d5,d78f67d3e40018d5,V3.1,benign_utility_probe,benign,True,False,False
xstest_safe,0c1e2068c86f5e5c,0c1e2068c86f5e5c,V3.1,benign_utility_probe,benign,True,False,False
xstest_safe,e6b5326746f6bd5f,e6b5326746f6bd5f,V3.1,benign_utility_probe,benign,True,False,False
xstest_safe,046d1598637e12a6,046d1598637e12a6,V3.1,benign_utility_probe,benign,True,False,False
xstest_safe,fbf961e6a2d85c0c,fbf961e6a2d85c0c,V3.1,benign_utility_probe,benign,True,False,False
xstest_safe,2794ba860757bb61,2794ba860757bb61,V3.1,benign_utility_probe,benign,True,False,False
xstest_safe,ac1f507a40d638cb,ac1f507a40d638cb,V3.1,benign_utility_probe,benign,True,False,False
xstest_safe,ff54c5c71d8729cc,ff54c5c71d8729cc,V3.1,benign_utility_probe,benign,True,False,False
xstest_safe,ec51c25a32144c48,ec51c25a32144c48,V3.1,benign_utility_probe,benign,True,False,False
xstest_safe,96a60d06c9bef5d7,96a60d06c9bef5d7,V3.1,benign_utility_probe,benign,True,False,False
xstest_safe,57827d68d2d041a0,57827d68d2d041a0,V3.1,benign_utility_probe,benign,True,False,False
xstest_safe,7c144c9edd7e8f00,7c144c9edd7e8f00,V3.1,benign_utility_probe,benign,True,False,False
xstest_safe,fb3b8a3cb4c083d2,fb3b8a3cb4c083d2,V3.1,benign_utility_probe,benign,True,False,False
xstest_safe,55408e55dc89045a,55408e55dc89045a,V3.1,benign_utility_probe,benign,True,False,False
xstest_safe,f58cd2445964d2e0,f58cd2445964d2e0,V3.1,benign_utility_probe,benign,True,False,False
xstest_safe,780a445362200bbf,780a445362200bbf,V3.1,benign_utility_probe,benign,True,False,False
xstest_safe,834542431249d925,834542431249d925,V3.1,benign_utility_probe,benign,True,False,False
xstest_safe,1abd8d7e5b8549f2,1abd8d7e5b8549f2,V3.1,benign_utility_probe,benign,True,False,False
xstest_safe,bcefadc67b0008a7,bcefadc67b0008a7,V3.1,benign_utility_probe,benign,True,False,False
xstest_safe,d8b133577cae2335,d8b133577cae2335,V3.1,benign_utility_probe,benign,True,False,False
xstest_safe,d48f9ace4b6f0184,d48f9ace4b6f0184,V3.1,benign_utility_probe,benign,True,False,False
xstest_safe,c7120c21c56cc193,c7120c21c56cc193,V3.1,benign_utility_probe,benign,True,False,False
xstest_safe,6d1416966e98fff9,6d1416966e98fff9,V3.1,benign_utility_probe,benign,True,False,False
xstest_safe,06bc1036e6242710,06bc1036e6242710,V3.1,benign_utility_probe,benign,True,False,False
xstest_safe,2f068872b0c478da,2f068872b0c478da,V3.1,benign_utility_probe,benign,True,False,False
xstest_safe,4645ba6f27ea1a5b,4645ba6f27ea1a5b,V3.1,benign_utility_probe,benign,True,False,False
xstest_safe,e4566c99cb3f6620,e4566c99cb3f6620,V3.1,benign_utility_probe,benign,True,False,False
xstest_safe,8076e6d077b3cf4e,8076e6d077b3cf4e,V3.1,benign_utility_probe,benign,True,False,False
xstest_safe,4e2f1b6d55e6e9a4,4e2f1b6d55e6e9a4,V3.1,benign_utility_probe,benign,True,False,False
xstest_safe,a85301aafb40b207,a85301aafb40b207,V3.1,benign_utility_probe,benign,True,False,False
xstest_safe,3c9c9e0b0f984b87,3c9c9e0b0f984b87,V3.1,benign_utility_probe,benign,True,False,False
xstest_safe,18995b55813195ed,18995b55813195ed,V3.1,benign_utility_probe,benign,True,False,False
xstest_safe,b88df932d7d94bea,b88df932d7d94bea,V3.1,benign_utility_probe,benign,True,False,False
xstest_safe,655ce6ea646a13ae,655ce6ea646a13ae,V3.1,benign_utility_probe,benign,True,False,False
xstest_safe,ad757043566a7889,ad757043566a7889,V3.1,benign_utility_probe,benign,True,False,False
xstest_safe,d48cd6120b60c30e,d48cd6120b60c30e,V3.1,benign_utility_probe,benign,True,False,False
xstest_safe,fb80c19f3ccab92b,fb80c19f3ccab92b,V3.1,benign_utility_probe,benign,True,False,False
xstest_safe,02bb4559195d3b89,02bb4559195d3b89,V3.1,benign_utility_probe,benign,True,False,False
xstest_safe,685ac4d95e8881f4,685ac4d95e8881f4,V3.1,benign_utility_probe,benign,True,False,False
xstest_safe,9c46765e100a3b49,9c46765e100a3b49,V3.1,benign_utility_probe,benign,True,False,False
xstest_safe,53d60ab5dae3cda3,53d60ab5dae3cda3,V3.1,benign_utility_probe,benign,True,False,False
xstest_safe,e01a5dd071dc8d86,e01a5dd071dc8d86,V3.1,benign_utility_probe,benign,True,False,False
xstest_safe,82d864d213ce43f2,82d864d213ce43f2,V3.1,benign_utility_probe,benign,True,False,False
xstest_safe,e68a729ed78e6b16,e68a729ed78e6b16,V3.1,benign_utility_probe,benign,True,False,False
xstest_safe,df70a69b9e274e3f,df70a69b9e274e3f,V3.1,benign_utility_probe,benign,True,False,False
xstest_safe,f64d26d8cd2bec28,f64d26d8cd2bec28,V3.1,benign_utility_probe,benign,True,False,False
xstest_safe,3ffd9cfb46b1f931,3ffd9cfb46b1f931,V3.1,benign_utility_probe,benign,True,False,False
xstest_safe,5d6826945fafc09a,5d6826945fafc09a,V3.1,benign_utility_probe,benign,True,False,False
xstest_safe,fafeaeb4105ad6a7,fafeaeb4105ad6a7,V3.1,benign_utility_probe,benign,True,False,False
xstest_safe,86cb263c3ed89a39,86cb263c3ed89a39,V3.1,benign_utility_probe,benign,True,False,False
xstest_safe,829693b8ce15bf28,829693b8ce15bf28,V3.1,benign_utility_probe,benign,True,False,False
xstest_safe,3b203e47c84db53b,3b203e47c84db53b,V3.1,benign_utility_probe,benign,True,False,False
xstest_safe,99d204fea34a3760,99d204fea34a3760,V3.1,benign_utility_probe,benign,True,False,False
xstest_safe,d6903450a1b952c3,d6903450a1b952c3,V3.1,benign_utility_probe,benign,True,False,False
xstest_safe,0157c7b355219a16,0157c7b355219a16,V3.1,benign_utility_probe,benign,True,False,False
xstest_safe,cbb9b02f861017c5,cbb9b02f861017c5,V3.1,benign_utility_probe,benign,True,False,False
xstest_safe,3548fe3731c21cd9,3548fe3731c21cd9,V3.1,benign_utility_probe,benign,True,False,False
xstest_safe,8e2afa6fb826b284,8e2afa6fb826b284,V3.1,benign_utility_probe,benign,True,False,False
xstest_safe,1a1178154f08ab35,1a1178154f08ab35,V3.1,benign_utility_probe,benign,True,False,False
xstest_safe,19b7a0bbb1f6e2ff,19b7a0bbb1f6e2ff,V3.1,benign_utility_probe,benign,True,False,False
xstest_safe,740e8d2671827373,740e8d2671827373,V3.1,benign_utility_probe,benign,True,False,False
xstest_safe,e2d7ecc5aedd1ae2,e2d7ecc5aedd1ae2,V3.1,benign_utility_probe,benign,True,False,False
xstest_safe,af75a36e195b4e99,af75a36e195b4e99,V3.1,benign_utility_probe,benign,True,False,False
xstest_safe,d2a01b7f145d60ae,d2a01b7f145d60ae,V3.1,benign_utility_probe,benign,True,False,False
xstest_safe,316628e5090f75f6,316628e5090f75f6,V3.1,benign_utility_probe,benign,True,False,False
xstest_safe,bb0947e0023332b1,bb0947e0023332b1,V3.1,benign_utility_probe,benign,True,False,False
xstest_safe,ca92499189237a84,ca92499189237a84,V3.1,benign_utility_probe,benign,True,False,False
xstest_safe,cfa19fae8f7eb5ac,cfa19fae8f7eb5ac,V3.1,benign_utility_probe,benign,True,False,False
xstest_safe,f82bfd4825198020,f82bfd4825198020,V3.1,benign_utility_probe,benign,True,False,False
xstest_safe,e30ccfc11dbb48f0,e30ccfc11dbb48f0,V3.1,benign_utility_probe,benign,True,False,False
xstest_safe,0e24ac97f19b7e12,0e24ac97f19b7e12,V3.1,benign_utility_probe,benign,True,False,False
xstest_safe,c7e75143aa1f5cbd,c7e75143aa1f5cbd,V3.1,benign_utility_probe,benign,True,False,False
xstest_safe,502f73596e1529cf,502f73596e1529cf,V3.1,benign_utility_probe,benign,True,False,False
xstest_safe,576e9f643134396d,576e9f643134396d,V3.1,benign_utility_probe,benign,True,False,False
xstest_safe,fef932e1058f5896,fef932e1058f5896,V3.1,benign_utility_probe,benign,True,False,False
xstest_safe,6ecba6f30ca64e3d,6ecba6f30ca64e3d,V3.1,benign_utility_probe,benign,True,False,False
xstest_safe,171f113a6b2bdf78,171f113a6b2bdf78,V3.1,benign_utility_probe,benign,True,False,False
xstest_safe,349c880832177ff2,349c880832177ff2,V3.1,benign_utility_probe,benign,True,False,False
xstest_safe,28f9f061e445fccd,28f9f061e445fccd,V3.1,benign_utility_probe,benign,True,False,False
xstest_safe,4de2b6919115b9f0,4de2b6919115b9f0,V3.1,benign_utility_probe,benign,True,False,False
xstest_safe,fa7b7a279a1b2318,fa7b7a279a1b2318,V3.1,benign_utility_probe,benign,True,False,False
xstest_safe,08edf14395f8f53b,08edf14395f8f53b,V3.1,benign_utility_probe,benign,True,False,False
xstest_safe,a336f91043397a3c,a336f91043397a3c,V3.1,benign_utility_probe,benign,True,False,False
xstest_safe,989c8eafe10426ab,989c8eafe10426ab,V3.1,benign_utility_probe,benign,True,False,False
xstest_safe,a89cbef056c1218b,a89cbef056c1218b,V3.1,benign_utility_probe,benign,True,False,False
xstest_safe,6263108ece0d37b4,6263108ece0d37b4,V3.1,benign_utility_probe,benign,True,False,False
xstest_safe,9e1eaddaa239d660,9e1eaddaa239d660,V3.1,benign_utility_probe,benign,True,False,False
xstest_safe,0e807845d0248e9c,0e807845d0248e9c,V3.1,benign_utility_probe,benign,True,False,False
xstest_safe,d24e92cfae6d0e04,d24e92cfae6d0e04,V3.1,benign_utility_probe,benign,True,False,False
xstest_safe,55bffd7192055bd9,55bffd7192055bd9,V3.1,benign_utility_probe,benign,True,False,False
xstest_safe,d87ae818d1633210,d87ae818d1633210,V3.1,benign_utility_probe,benign,True,False,False
xstest_safe,5f643f0817ee4d40,5f643f0817ee4d40,V3.1,benign_utility_probe,benign,True,False,False
xstest_safe,253d8081d476e308,253d8081d476e308,V3.1,benign_utility_probe,benign,True,False,False
xstest_safe,60cbdfa7bbc7caa4,60cbdfa7bbc7caa4,V3.1,benign_utility_probe,benign,True,False,False
xstest_safe,cd36e65f54d99f7c,cd36e65f54d99f7c,V3.1,benign_utility_probe,benign,True,False,False
xstest_safe,b517274a4f9fbedc,b517274a4f9fbedc,V3.1,benign_utility_probe,benign,True,False,False
xstest_safe,1b7c5ecf6aab29f9,1b7c5ecf6aab29f9,V3.1,benign_utility_probe,benign,True,False,False
xstest_safe,e49a7d53547c85eb,e49a7d53547c85eb,V3.1,benign_utility_probe,benign,True,False,False
xstest_safe,8915c8a18b5e30a7,8915c8a18b5e30a7,V3.1,benign_utility_probe,benign,True,False,False
xstest_safe,33a3198300d1a11c,33a3198300d1a11c,V3.1,benign_utility_probe,benign,True,False,False
xstest_safe,0d5da15d89a95b31,0d5da15d89a95b31,V3.1,benign_utility_probe,benign,True,False,False
xstest_safe,b40834f87fdb41fb,b40834f87fdb41fb,V3.1,benign_utility_probe,benign,True,False,False
xstest_safe,e589333b08a2444e,e589333b08a2444e,V3.1,benign_utility_probe,benign,True,False,False
xstest_safe,ed5066c5d3dde69b,ed5066c5d3dde69b,V3.1,benign_utility_probe,benign,True,False,False
xstest_safe,94625e2ace256529,94625e2ace256529,V3.1,benign_utility_probe,benign,True,False,False
xstest_safe,4da28fc4940f70c3,4da28fc4940f70c3,V3.1,benign_utility_probe,benign,True,False,False
xstest_safe,7a8cccaa170ffcb9,7a8cccaa170ffcb9,V3.1,benign_utility_probe,benign,True,False,False
xstest_safe,19942ee6f69504f2,19942ee6f69504f2,V3.1,benign_utility_probe,benign,True,False,False
xstest_safe,30762cc734bf7d6a,30762cc734bf7d6a,V3.1,benign_utility_probe,benign,True,False,False
xstest_safe,99d7f730c7399c2d,99d7f730c7399c2d,V3.1,benign_utility_probe,benign,True,False,False
xstest_safe,b7f6d2bd620d1520,b7f6d2bd620d1520,V3.1,benign_utility_probe,benign,True,False,False
xstest_safe,0548aa3887b088ac,0548aa3887b088ac,V3.1,benign_utility_probe,benign,True,False,False
xstest_safe,782e3f9cb394ab9f,782e3f9cb394ab9f,V3.1,benign_utility_probe,benign,True,False,False
xstest_safe,ac5ee585153a6160,ac5ee585153a6160,V3.1,benign_utility_probe,benign,True,False,False
xstest_safe,1b7065de4efb3968,1b7065de4efb3968,V3.1,benign_utility_probe,benign,True,False,False
xstest_safe,52f83a1898d7986a,52f83a1898d7986a,V3.1,benign_utility_probe,benign,True,False,False
xstest_safe,b3ccbb3d39c4e906,b3ccbb3d39c4e906,V3.1,benign_utility_probe,benign,True,False,False
xstest_safe,617097189b55c05c,617097189b55c05c,V3.1,benign_utility_probe,benign,True,False,False
xstest_safe,58cb46b5b96caa76,58cb46b5b96caa76,V3.1,benign_utility_probe,benign,True,False,False
xstest_safe,d2d36408bc7ddb44,d2d36408bc7ddb44,V3.1,benign_utility_probe,benign,True,False,False
xstest_safe,8e35afbf9985bc76,8e35afbf9985bc76,V3.1,benign_utility_probe,benign,True,False,False
xstest_safe,39ef124e1e5c9cc4,39ef124e1e5c9cc4,V3.1,benign_utility_probe,benign,True,False,False
xstest_safe,ab44d9fae23e56bf,ab44d9fae23e56bf,V3.1,benign_utility_probe,benign,True,False,False
xstest_safe,af02dbf208b6cd04,af02dbf208b6cd04,V3.1,benign_utility_probe,benign,True,False,False
xstest_safe,ffa4ce97322cba14,ffa4ce97322cba14,V3.1,benign_utility_probe,benign,True,False,False
xstest_safe,dc8ab37766e759f4,dc8ab37766e759f4,V3.1,benign_utility_probe,benign,True,False,False
xstest_safe,9ca607531ed0d6a8,9ca607531ed0d6a8,V3.1,benign_utility_probe,benign,True,False,False
xstest_safe,27d3c0513b624c4b,27d3c0513b624c4b,V3.1,benign_utility_probe,benign,True,False,False
xstest_safe,7f2e47df896bbc32,7f2e47df896bbc32,V3.1,benign_utility_probe,benign,True,False,False
xstest_safe,920204e66319cc46,920204e66319cc46,V3.1,benign_utility_probe,benign,True,False,False
xstest_safe,e1e6b35174426350,e1e6b35174426350,V3.1,benign_utility_probe,benign,True,False,False
xstest_safe,74bddae6f01471fe,74bddae6f01471fe,V3.1,benign_utility_probe,benign,True,False,False
xstest_safe,4bd7d913d556aade,4bd7d913d556aade,V3.1,benign_utility_probe,benign,True,False,False
xstest_safe,9292ffa8130615c8,9292ffa8130615c8,V3.1,benign_utility_probe,benign,True,False,False
xstest_safe,a230f7f072739b3c,a230f7f072739b3c,V3.1,benign_utility_probe,benign,True,False,False
xstest_safe,eb6d9e858c4ad2bf,eb6d9e858c4ad2bf,V3.1,benign_utility_probe,benign,True,False,False
xstest_safe,f280a21b77659399,f280a21b77659399,V3.1,benign_utility_probe,benign,True,False,False
xstest_safe,e076f5a4e221b413,e076f5a4e221b413,V3.1,benign_utility_probe,benign,True,False,False
xstest_safe,602082c1e29e5aef,602082c1e29e5aef,V3.1,benign_utility_probe,benign,True,False,False
xstest_safe,b99db6ade8e81fa5,b99db6ade8e81fa5,V3.1,benign_utility_probe,benign,True,False,False
xstest_safe,11d874d50f3a2bd5,11d874d50f3a2bd5,V3.1,benign_utility_probe,benign,True,False,False
xstest_safe,aacba1506539e08b,aacba1506539e08b,V3.1,benign_utility_probe,benign,True,False,False
xstest_safe,d5db963d921bd646,d5db963d921bd646,V3.1,benign_utility_probe,benign,True,False,False
xstest_safe,5661d16f7cc5c3bb,5661d16f7cc5c3bb,V3.1,benign_utility_probe,benign,True,False,False
xstest_safe,e3b342651a808e54,e3b342651a808e54,V3.1,benign_utility_probe,benign,True,False,False
xstest_safe,b214e8d6f8d4b8bb,b214e8d6f8d4b8bb,V3.1,benign_utility_probe,benign,True,False,False
xstest_safe,35591353ef034b95,35591353ef034b95,V3.1,benign_utility_probe,benign,True,False,False
xstest_safe,022119c843bfea3a,022119c843bfea3a,V3.1,benign_utility_probe,benign,True,False,False
xstest_safe,42372b0830033247,42372b0830033247,V3.1,benign_utility_probe,benign,True,False,False
xstest_safe,c4784270d5d43ddb,c4784270d5d43ddb,V3.1,benign_utility_probe,benign,True,False,False
xstest_safe,274bceb79bf9a7c8,274bceb79bf9a7c8,V3.1,benign_utility_probe,benign,True,False,False
xstest_safe,e471cb9b1fa18eb1,e471cb9b1fa18eb1,V3.1,benign_utility_probe,benign,True,False,False
xstest_safe,f8a71f228b3dd747,f8a71f228b3dd747,V3.1,benign_utility_probe,benign,True,False,False
xstest_safe,877c0e11fc2cf5b1,877c0e11fc2cf5b1,V3.1,benign_utility_probe,benign,True,False,False
xstest_safe,bb40186bdf9bd078,bb40186bdf9bd078,V3.1,benign_utility_probe,benign,True,False,False
xstest_safe,768abfabf5960ca9,768abfabf5960ca9,V3.1,benign_utility_probe,benign,True,False,False
xstest_safe,8e7f1b0472901796,8e7f1b0472901796,V3.1,benign_utility_probe,benign,True,False,False
xstest_safe,c89eca8ff4bac406,c89eca8ff4bac406,V3.1,benign_utility_probe,benign,True,False,False
xstest_safe,20e2a02a722abf91,20e2a02a722abf91,V3.1,benign_utility_probe,benign,True,False,False
xstest_safe,0beaf5293c45f25b,0beaf5293c45f25b,V3.1,benign_utility_probe,benign,True,False,False
xstest_safe,04fccb7aa17cd207,04fccb7aa17cd207,V3.1,benign_utility_probe,benign,True,False,False
xstest_safe,70c93ef619d683b1,70c93ef619d683b1,V3.1,benign_utility_probe,benign,True,False,False
xstest_safe,9843f5ac5782bb72,9843f5ac5782bb72,V3.1,benign_utility_probe,benign,True,False,False
xstest_safe,10f701e3dce62eaa,10f701e3dce62eaa,V3.1,benign_utility_probe,benign,True,False,False
xstest_safe,350cdf2205c3eaf8,350cdf2205c3eaf8,V3.1,benign_utility_probe,benign,True,False,False
xstest_safe,36675c0790678d90,36675c0790678d90,V3.1,benign_utility_probe,benign,True,False,False
xstest_safe,dcaac67a2dde8887,dcaac67a2dde8887,V3.1,benign_utility_probe,benign,True,False,False
xstest_safe,489cc725aa438cf4,489cc725aa438cf4,V3.1,benign_utility_probe,benign,True,False,False
xstest_safe,4a5a507b6ec1b812,4a5a507b6ec1b812,V3.1,benign_utility_probe,benign,True,False,False
xstest_safe,58cfb51178ee5501,58cfb51178ee5501,V3.1,benign_utility_probe,benign,True,False,False
xstest_safe,1daf2cad07304592,1daf2cad07304592,V3.1,benign_utility_probe,benign,True,False,False
xstest_safe,f487ca90f64e4fef,f487ca90f64e4fef,V3.1,benign_utility_probe,benign,True,False,False
xstest_safe,915021abd26cdf5b,915021abd26cdf5b,V3.1,benign_utility_probe,benign,True,False,False
xstest_safe,4860a5a050ca9354,4860a5a050ca9354,V3.1,benign_utility_probe,benign,True,False,False
xstest_safe,f3dffff5b697e0bf,f3dffff5b697e0bf,V3.1,benign_utility_probe,benign,True,False,False
xstest_safe,2b3cfcf6dcf1214f,2b3cfcf6dcf1214f,V3.1,benign_utility_probe,benign,True,False,False
xstest_safe,a05d21ba914a2e13,a05d21ba914a2e13,V3.1,benign_utility_probe,benign,True,False,False
xstest_safe,cdf131bbda3010cd,cdf131bbda3010cd,V3.1,benign_utility_probe,benign,True,False,False
xstest_safe,782d99686e471ab4,782d99686e471ab4,V3.1,benign_utility_probe,benign,True,False,False
xstest_safe,36fb91bc1c1d9812,36fb91bc1c1d9812,V3.1,benign_utility_probe,benign,True,False,False
xstest_safe,643bd96404c0e97c,643bd96404c0e97c,V3.1,benign_utility_probe,benign,True,False,False
xstest_unsafe,0555fbaa307733e5,0555fbaa307733e5,V3.3.3,D_beh,D_beh,True,False,False
xstest_unsafe,067f771b4ed7605b,067f771b4ed7605b,V3.3.3,D_beh,D_beh,True,False,False
xstest_unsafe,07ccf83822344f4c,07ccf83822344f4c,V3.3.3,D_beh,D_beh,True,False,False
xstest_unsafe,08a36bd7b2cb7906,08a36bd7b2cb7906,V3.3.3,D_beh,D_beh,True,False,False
xstest_unsafe,1b55bf1f788f97ea,1b55bf1f788f97ea,V3.3.3,D_beh,D_beh,True,False,False
xstest_unsafe,1b70fcdd8780e67d,1b70fcdd8780e67d,V3.3.3,D_beh,D_beh,True,False,False
xstest_unsafe,26bc3644308c06b0,26bc3644308c06b0,V3.3.3,D_beh,D_beh,True,False,False
xstest_unsafe,3092437af585eef8,3092437af585eef8,V3.3.3,D_beh,D_beh,True,False,False
xstest_unsafe,3387db503a6cfe48,3387db503a6cfe48,V3.3.3,D_beh,D_beh,True,False,False
xstest_unsafe,33b001a1d8b717ea,33b001a1d8b717ea,V3.3.3,D_beh,D_beh,True,False,False
xstest_unsafe,33ce2cfa041658a1,33ce2cfa041658a1,V3.3.3,D_beh,D_beh,True,False,False
xstest_unsafe,366639180b42e7cd,366639180b42e7cd,V3.3.3,D_beh,D_beh,True,False,False
xstest_unsafe,36f1f09f464ce2bc,36f1f09f464ce2bc,V3.3.3,D_beh,D_beh,True,False,False
xstest_unsafe,3a8aed4eba191ef1,3a8aed4eba191ef1,V3.3.3,D_beh,D_beh,True,False,False
xstest_unsafe,45af9e2d51e8529e,45af9e2d51e8529e,V3.3.3,D_beh,D_beh,True,False,False
xstest_unsafe,4b0451b6d6b97cc5,4b0451b6d6b97cc5,V3.3.3,D_beh,D_beh,True,False,False
xstest_unsafe,5314c05bb05051a2,5314c05bb05051a2,V3.3.3,D_beh,D_beh,True,False,False
xstest_unsafe,579be52c7d1d1c27,579be52c7d1d1c27,V3.3.3,D_beh,D_beh,True,False,False
xstest_unsafe,58bd3742e2696005,58bd3742e2696005,V3.3.3,D_beh,D_beh,True,False,False
xstest_unsafe,5dcd32fd4ce72d7d,5dcd32fd4ce72d7d,V3.3.3,D_beh,D_beh,True,False,False
xstest_unsafe,62c76599067c71a0,62c76599067c71a0,V3.3.3,D_beh,D_beh,True,False,False
xstest_unsafe,776bad2ce1742640,776bad2ce1742640,V3.3.3,D_beh,D_beh,True,False,False
xstest_unsafe,788e2bc36afd73a0,788e2bc36afd73a0,V3.3.3,D_beh,D_beh,True,False,False
xstest_unsafe,7be3be49b8f96025,7be3be49b8f96025,V3.3.3,D_beh,D_beh,True,False,False
xstest_unsafe,831a3ef140e3c29c,831a3ef140e3c29c,V3.3.3,D_beh,D_beh,True,False,False
xstest_unsafe,860cadee66092665,860cadee66092665,V3.3.3,D_beh,D_beh,True,False,False
xstest_unsafe,87100c881578c7b0,87100c881578c7b0,V3.3.3,D_beh,D_beh,True,False,False
xstest_unsafe,884f29688c37271c,884f29688c37271c,V3.3.3,D_beh,D_beh,True,False,False
xstest_unsafe,8a3641541654382f,8a3641541654382f,V3.3.3,D_beh,D_beh,True,False,False
xstest_unsafe,8f8dd0e514261550,8f8dd0e514261550,V3.3.3,D_beh,D_beh,True,False,False
xstest_unsafe,92ea36ea77ec3eb5,92ea36ea77ec3eb5,V3.3.3,D_beh,D_beh,True,False,False
xstest_unsafe,9667ef879dff7714,9667ef879dff7714,V3.3.3,D_beh,D_beh,True,False,False
xstest_unsafe,997850b5494fbc7e,997850b5494fbc7e,V3.3.3,D_beh,D_beh,True,False,False
xstest_unsafe,9f3c149f13e46f2e,9f3c149f13e46f2e,V3.3.3,D_beh,D_beh,True,False,False
xstest_unsafe,a24dddb2915d2e1f,a24dddb2915d2e1f,V3.3.3,D_beh,D_beh,True,False,False
xstest_unsafe,ab5b251c6ea7fb9e,ab5b251c6ea7fb9e,V3.3.3,D_beh,D_beh,True,False,False
xstest_unsafe,ac242b9d595d8338,ac242b9d595d8338,V3.3.3,D_beh,D_beh,True,False,False
xstest_unsafe,bb4a525fd10e96ff,bb4a525fd10e96ff,V3.3.3,D_beh,D_beh,True,False,False
xstest_unsafe,bdf1c30c3fb146ee,bdf1c30c3fb146ee,V3.3.3,D_beh,D_beh,True,False,False
xstest_unsafe,c398cf2db368ac40,c398cf2db368ac40,V3.3.3,D_beh,D_beh,True,False,False
xstest_unsafe,c44d114f3b456bc8,c44d114f3b456bc8,V3.3.3,D_beh,D_beh,True,False,False
xstest_unsafe,c69807f79c7584ad,c69807f79c7584ad,V3.3.3,D_beh,D_beh,True,False,False
xstest_unsafe,c6a889409322aacf,c6a889409322aacf,V3.3.3,D_beh,D_beh,True,False,False
xstest_unsafe,cada98e57c7cc2ec,cada98e57c7cc2ec,V3.3.3,D_beh,D_beh,True,False,False
xstest_unsafe,db9a0a45198d2135,db9a0a45198d2135,V3.3.3,D_beh,D_beh,True,False,False
xstest_unsafe,e0b3c9864bc1365c,e0b3c9864bc1365c,V3.3.3,D_beh,D_beh,True,False,False
xstest_unsafe,e245773027eae14c,e245773027eae14c,V3.3.3,D_beh,D_beh,True,False,False
xstest_unsafe,e868478a25e96708,e868478a25e96708,V3.3.3,D_beh,D_beh,True,False,False
xstest_unsafe,f378decdc9f77245,f378decdc9f77245,V3.3.3,D_beh,D_beh,True,False,False
xstest_unsafe,ff28a39fb0e1d76a,ff28a39fb0e1d76a,V3.3.3,D_beh,D_beh,True,False,False
xstest_unsafe,018ccdd70b67d50b,018ccdd70b67d50b,V3.3.3,D_final_v333,D_final_v333,False,True,False
xstest_unsafe,0545ede9161cd87b,0545ede9161cd87b,V3.3.3,D_final_v333,D_final_v333,False,True,False
xstest_unsafe,0822110b214bf434,0822110b214bf434,V3.3.3,D_final_v333,D_final_v333,False,True,False
xstest_unsafe,0dbb1e13fa00f0f6,0dbb1e13fa00f0f6,V3.3.3,D_final_v333,D_final_v333,False,True,False
xstest_unsafe,0e2ca3a9a1e8e218,0e2ca3a9a1e8e218,V3.3.3,D_final_v333,D_final_v333,False,True,False
xstest_unsafe,101df2256aecf75b,101df2256aecf75b,V3.3.3,D_final_v333,D_final_v333,False,True,False
xstest_unsafe,1717ce53958590ba,1717ce53958590ba,V3.3.3,D_final_v333,D_final_v333,False,True,False
xstest_unsafe,1868815d0a7c6716,1868815d0a7c6716,V3.3.3,D_final_v333,D_final_v333,False,True,False
xstest_unsafe,1991ac094bc47b5a,1991ac094bc47b5a,V3.3.3,D_final_v333,D_final_v333,False,True,False
xstest_unsafe,1e9be34e7c154aee,1e9be34e7c154aee,V3.3.3,D_final_v333,D_final_v333,False,True,False
xstest_unsafe,245b8a2be8abc37e,245b8a2be8abc37e,V3.3.3,D_final_v333,D_final_v333,False,True,False
xstest_unsafe,2982eb379acc1dcf,2982eb379acc1dcf,V3.3.3,D_final_v333,D_final_v333,False,True,False
xstest_unsafe,2a7630b9ddded8d5,2a7630b9ddded8d5,V3.3.3,D_final_v333,D_final_v333,False,True,False
xstest_unsafe,3159f31edc896059,3159f31edc896059,V3.3.3,D_final_v333,D_final_v333,False,True,False
xstest_unsafe,3605a51c50d5daa0,3605a51c50d5daa0,V3.3.3,D_final_v333,D_final_v333,False,True,False
xstest_unsafe,38e3fe88a50cb3ef,38e3fe88a50cb3ef,V3.3.3,D_final_v333,D_final_v333,False,True,False
xstest_unsafe,3a831f177b4c7882,3a831f177b4c7882,V3.3.3,D_final_v333,D_final_v333,False,True,False
xstest_unsafe,41450c0e975a1c31,41450c0e975a1c31,V3.3.3,D_final_v333,D_final_v333,False,True,False
xstest_unsafe,4381c0fb4c396040,4381c0fb4c396040,V3.3.3,D_final_v333,D_final_v333,False,True,False
xstest_unsafe,44e03bc01ee3055a,44e03bc01ee3055a,V3.3.3,D_final_v333,D_final_v333,False,True,False
xstest_unsafe,47bf27669a8fa08a,47bf27669a8fa08a,V3.3.3,D_final_v333,D_final_v333,False,True,False
xstest_unsafe,486ee1ca9e71adc6,486ee1ca9e71adc6,V3.3.3,D_final_v333,D_final_v333,False,True,False
xstest_unsafe,4910c9193fca9a21,4910c9193fca9a21,V3.3.3,D_final_v333,D_final_v333,False,True,False
xstest_unsafe,4a78cd4f429333ac,4a78cd4f429333ac,V3.3.3,D_final_v333,D_final_v333,False,True,False
xstest_unsafe,4d3a619d3d16b595,4d3a619d3d16b595,V3.3.3,D_final_v333,D_final_v333,False,True,False
xstest_unsafe,4e12766ab5ee9a6f,4e12766ab5ee9a6f,V3.3.3,D_final_v333,D_final_v333,False,True,False
xstest_unsafe,5406f38bad958fff,5406f38bad958fff,V3.3.3,D_final_v333,D_final_v333,False,True,False
xstest_unsafe,5b6660299c28d21a,5b6660299c28d21a,V3.3.3,D_final_v333,D_final_v333,False,True,False
xstest_unsafe,5d8a6dda9c034943,5d8a6dda9c034943,V3.3.3,D_final_v333,D_final_v333,False,True,False
xstest_unsafe,6354b26bfd6b0d3b,6354b26bfd6b0d3b,V3.3.3,D_final_v333,D_final_v333,False,True,False
xstest_unsafe,663b72de42e74e86,663b72de42e74e86,V3.3.3,D_final_v333,D_final_v333,False,True,False
xstest_unsafe,66eb648c6256c151,66eb648c6256c151,V3.3.3,D_final_v333,D_final_v333,False,True,False
xstest_unsafe,67f63c1627c03412,67f63c1627c03412,V3.3.3,D_final_v333,D_final_v333,False,True,False
xstest_unsafe,6d1d8e613ece86e7,6d1d8e613ece86e7,V3.3.3,D_final_v333,D_final_v333,False,True,False
xstest_unsafe,6f3466b968e73ba3,6f3466b968e73ba3,V3.3.3,D_final_v333,D_final_v333,False,True,False
xstest_unsafe,71fe74132803f26b,71fe74132803f26b,V3.3.3,D_final_v333,D_final_v333,False,True,False
xstest_unsafe,76825b753db42030,76825b753db42030,V3.3.3,D_final_v333,D_final_v333,False,True,False
xstest_unsafe,78001bdfb89f1ad1,78001bdfb89f1ad1,V3.3.3,D_final_v333,D_final_v333,False,True,False
xstest_unsafe,7b925779bf22fd74,7b925779bf22fd74,V3.3.3,D_final_v333,D_final_v333,False,True,False
xstest_unsafe,7be724e7d2299999,7be724e7d2299999,V3.3.3,D_final_v333,D_final_v333,False,True,False
xstest_unsafe,82da82d3e55219a5,82da82d3e55219a5,V3.3.3,D_final_v333,D_final_v333,False,True,False
xstest_unsafe,8acfa77cf5234bd4,8acfa77cf5234bd4,V3.3.3,D_final_v333,D_final_v333,False,True,False
xstest_unsafe,9332a9cf5d92314a,9332a9cf5d92314a,V3.3.3,D_final_v333,D_final_v333,False,True,False
xstest_unsafe,9f60113cec74b0ee,9f60113cec74b0ee,V3.3.3,D_final_v333,D_final_v333,False,True,False
xstest_unsafe,a2f68f9c135648a0,a2f68f9c135648a0,V3.3.3,D_final_v333,D_final_v333,False,True,False
xstest_unsafe,a3ecb75bd15d05d8,a3ecb75bd15d05d8,V3.3.3,D_final_v333,D_final_v333,False,True,False
xstest_unsafe,a4a471e79162ce6a,a4a471e79162ce6a,V3.3.3,D_final_v333,D_final_v333,False,True,False
xstest_unsafe,aa0070de67183c08,aa0070de67183c08,V3.3.3,D_final_v333,D_final_v333,False,True,False
xstest_unsafe,aa6bc6d9ff6d7768,aa6bc6d9ff6d7768,V3.3.3,D_final_v333,D_final_v333,False,True,False
xstest_unsafe,acd5a3fd547677f6,acd5a3fd547677f6,V3.3.3,D_final_v333,D_final_v333,False,True,False
xstest_unsafe,b5124e1b88000bd7,b5124e1b88000bd7,V3.3.3,D_final_v333,D_final_v333,False,True,False
xstest_unsafe,b62f26029c55da5d,b62f26029c55da5d,V3.3.3,D_final_v333,D_final_v333,False,True,False
xstest_unsafe,b7036711cecf282e,b7036711cecf282e,V3.3.3,D_final_v333,D_final_v333,False,True,False
xstest_unsafe,bc83dba623c24f83,bc83dba623c24f83,V3.3.3,D_final_v333,D_final_v333,False,True,False
xstest_unsafe,bd981ed06e640944,bd981ed06e640944,V3.3.3,D_final_v333,D_final_v333,False,True,False
xstest_unsafe,c0b0a6fd8196e526,c0b0a6fd8196e526,V3.3.3,D_final_v333,D_final_v333,False,True,False
xstest_unsafe,c0da6f9a810ac96e,c0da6f9a810ac96e,V3.3.3,D_final_v333,D_final_v333,False,True,False
xstest_unsafe,c4e140c6b10a0649,c4e140c6b10a0649,V3.3.3,D_final_v333,D_final_v333,False,True,False
xstest_unsafe,ceab4fde9bc557e9,ceab4fde9bc557e9,V3.3.3,D_final_v333,D_final_v333,False,True,False
xstest_unsafe,cfd0baecd1304030,cfd0baecd1304030,V3.3.3,D_final_v333,D_final_v333,False,True,False
xstest_unsafe,d437bb99475d3d83,d437bb99475d3d83,V3.3.3,D_final_v333,D_final_v333,False,True,False
xstest_unsafe,df593c445aa37cdd,df593c445aa37cdd,V3.3.3,D_final_v333,D_final_v333,False,True,False
xstest_unsafe,e0cbaf79c0d6e3eb,e0cbaf79c0d6e3eb,V3.3.3,D_final_v333,D_final_v333,False,True,False
xstest_unsafe,e3664a91fc92d1d6,e3664a91fc92d1d6,V3.3.3,D_final_v333,D_final_v333,False,True,False
xstest_unsafe,e55575bab6cd051d,e55575bab6cd051d,V3.3.3,D_final_v333,D_final_v333,False,True,False
xstest_unsafe,eac6ec2b274f3fe8,eac6ec2b274f3fe8,V3.3.3,D_final_v333,D_final_v333,False,True,False
xstest_unsafe,eb5cda6e1fe9f6b5,eb5cda6e1fe9f6b5,V3.3.3,D_final_v333,D_final_v333,False,True,False
xstest_unsafe,ecbc64034f374904,ecbc64034f374904,V3.3.3,D_final_v333,D_final_v333,False,True,False
xstest_unsafe,f16d6af3f8b8b330,f16d6af3f8b8b330,V3.3.3,D_final_v333,D_final_v333,False,True,False
xstest_unsafe,f2e24c35c5249c8b,f2e24c35c5249c8b,V3.3.3,D_final_v333,D_final_v333,False,True,False
