rho,pid,auc
0.25,018ccdd70b67d50b,0.20488867555292986
0.25,0545ede9161cd87b,0.35
0.25,0822110b214bf434,0.1548732556966302
0.25,0dbb1e13fa00f0f6,0.1
0.25,0e2ca3a9a1e8e218,0.1
0.25,101df2256aecf75b,0.1
0.25,1717ce53958590ba,0.10949772064950458
0.25,1868815d0a7c6716,0.3546888891743051
0.25,1991ac094bc47b5a,0.004786444422586555
0.25,1e9be34e7c154aee,0.1
0.25,245b8a2be8abc37e,0.20495146530968816
0.25,2982eb379acc1dcf,0.002754311026736265
0.25,2a7630b9ddded8d5,0.2
0.25,3159f31edc896059,0.0026715239829993897
0.25,3605a51c50d5daa0,0.0007352941176470499
0.25,38e3fe88a50cb3ef,0.0
0.25,3a831f177b4c7882,0.001136363636363625
0.25,41450c0e975a1c31,0.10320813150162786
0.25,4381c0fb4c396040,0.0
0.25,44e03bc01ee3055a,0.35
0.25,47bf27669a8fa08a,0.01039417933599501
0.25,486ee1ca9e71adc6,0.0
0.25,4910c9193fca9a21,0.0012658227848101199
0.25,4a78cd4f429333ac,0.006444978014897415
0.25,4d3a619d3d16b595,0.3513636363636364
0.25,4e12766ab5ee9a6f,0.2512711864406779
0.25,5406f38bad958fff,0.1
0.25,5b6660299c28d21a,0.1048614728865735
0.25,5d8a6dda9c034943,0.0
0.25,6354b26bfd6b0d3b,0.00360518310068964
0.25,663b72de42e74e86,0.001339285714285695
0.25,66eb648c6256c151,0.0019685039370078506
0.25,67f63c1627c03412,0.3558496498250262
0.25,6d1d8e613ece86e7,0.003938301576791985
0.25,6f3466b968e73ba3,0.35596834233154234
0.25,71fe74132803f26b,0.0
0.25,76825b753db42030,0.20132743362831856
0.25,78001bdfb89f1ad1,0.2
0.25,7b925779bf22fd74,0.005776606527171151
0.25,7be724e7d2299999,0.00663073040240086
0.25,82da82d3e55219a5,0.017808259283443074
0.25,8acfa77cf5234bd4,0.006919596942204525
0.25,9332a9cf5d92314a,0.0042576337654410355
0.25,9f60113cec74b0ee,0.0027894542152873346
0.25,a2f68f9c135648a0,0.1
0.25,a3ecb75bd15d05d8,0.10416666666666666
0.25,a4a471e79162ce6a,0.0013574660633484
0.25,aa0070de67183c08,0.00199203187250995
0.25,aa6bc6d9ff6d7768,0.2
0.25,acd5a3fd547677f6,0.0035833333333333247
0.25,b5124e1b88000bd7,0.00129870129870129
0.25,b62f26029c55da5d,0.10405405405405403
0.25,b7036711cecf282e,0.20365724680599034
0.25,bc83dba623c24f83,0.0030065359477123898
0.25,bd981ed06e640944,0.005665856260012245
0.25,c0b0a6fd8196e526,0.35
0.25,c0da6f9a810ac96e,0.0
0.25,c4e140c6b10a0649,0.004596778593799415
0.25,ceab4fde9bc557e9,0.0038461538461538394
0.25,cfd0baecd1304030,0.35
0.25,d437bb99475d3d83,0.00344827586206896
0.25,df593c445aa37cdd,0.004533146591970081
0.25,e0cbaf79c0d6e3eb,0.10409681227863044
0.25,e3664a91fc92d1d6,0.0043452494096874305
0.25,e55575bab6cd051d,0.00121457489878542
0.25,eac6ec2b274f3fe8,0.01187830623841037
0.25,eb5cda6e1fe9f6b5,0.21124642529292598
0.25,ecbc64034f374904,0.501219512195122
0.25,f16d6af3f8b8b330,0.20376679352560867
0.25,f2e24c35c5249c8b,0.00394268139864763
0.3,018ccdd70b67d50b,0.20485204551629982
0.3,0545ede9161cd87b,0.35
0.3,0822110b214bf434,0.1423867972692582
0.3,0dbb1e13fa00f0f6,0.1
0.3,0e2ca3a9a1e8e218,0.1
0.3,101df2256aecf75b,0.1
0.3,1717ce53958590ba,0.10956445509415802
0.3,1868815d0a7c6716,0.10385733784345139
0.3,1991ac094bc47b5a,0.004786444422586555
0.3,1e9be34e7c154aee,0.1
0.3,245b8a2be8abc37e,0.20494370253993194
0.3,2982eb379acc1dcf,0.0008230452674897
0.3,2a7630b9ddded8d5,0.45
0.3,3159f31edc896059,0.00081967213114754
0.3,3605a51c50d5daa0,0.0007352941176470499
0.3,38e3fe88a50cb3ef,0.0
0.3,3a831f177b4c7882,0.00115384615384614
0.3,41450c0e975a1c31,0.10479754071836907
0.3,4381c0fb4c396040,0.2512145748987854
0.3,44e03bc01ee3055a,0.35
0.3,47bf27669a8fa08a,0.010387198537960909
0.3,486ee1ca9e71adc6,0.0
0.3,4910c9193fca9a21,0.001249999999999995
0.3,4a78cd4f429333ac,0.00754574410696302
0.3,4d3a619d3d16b595,0.45136363636363636
0.3,4e12766ab5ee9a6f,0.35127118644067795
0.3,5406f38bad958fff,0.1
0.3,5b6660299c28d21a,0.1048614728865735
0.3,5d8a6dda9c034943,0.0
0.3,6354b26bfd6b0d3b,0.003536240060176215
0.3,663b72de42e74e86,0.001339285714285695
0.3,66eb648c6256c151,0.0019685039370078506
0.3,67f63c1627c03412,0.35506893525135147
0.3,6d1d8e613ece86e7,0.003938301576791985
0.3,6f3466b968e73ba3,0.25503376289229
0.3,71fe74132803f26b,0.0
0.3,76825b753db42030,0.201255230125523
0.3,78001bdfb89f1ad1,0.7
0.3,7b925779bf22fd74,0.005836944419367425
0.3,7be724e7d2299999,0.006709203218371049
0.3,82da82d3e55219a5,0.015789163914593035
0.3,8acfa77cf5234bd4,0.006919596942204525
0.3,9332a9cf5d92314a,0.00427177303726853
0.3,9f60113cec74b0ee,0.0
0.3,a2f68f9c135648a0,0.35
0.3,a3ecb75bd15d05d8,0.1
0.3,a4a471e79162ce6a,0.00132158590308369
0.3,aa0070de67183c08,0.001930501930501925
0.3,aa6bc6d9ff6d7768,0.2
0.3,acd5a3fd547677f6,0.0035833333333333247
0.3,b5124e1b88000bd7,0.00129870129870129
0.3,b62f26029c55da5d,0.10405405405405403
0.3,b7036711cecf282e,0.20365724680599034
0.3,bc83dba623c24f83,0.005049726571603521
0.3,bd981ed06e640944,0.005616094692593734
0.3,c0b0a6fd8196e526,0.35
0.3,c0da6f9a810ac96e,0.001304347826086935
0.3,c4e140c6b10a0649,0.0038209159261790603
0.3,ceab4fde9bc557e9,0.0
0.3,cfd0baecd1304030,0.35
0.3,d437bb99475d3d83,0.0032258064516128998
0.3,df593c445aa37cdd,0.004064070196984635
0.3,e0cbaf79c0d6e3eb,0.1065156794425087
0.3,e3664a91fc92d1d6,0.0043452494096874305
0.3,e55575bab6cd051d,0.1
0.3,eac6ec2b274f3fe8,0.025642837082225683
0.3,eb5cda6e1fe9f6b5,0.2113540947780078
0.3,ecbc64034f374904,0.501219512195122
0.3,f16d6af3f8b8b330,0.45288183777339625
0.3,f2e24c35c5249c8b,0.0038841593189419153
0.3333333333333333,018ccdd70b67d50b,0.20485204551629982
0.3333333333333333,0545ede9161cd87b,0.35
0.3333333333333333,0822110b214bf434,0.14242730567133943
0.3333333333333333,0dbb1e13fa00f0f6,0.35
0.3333333333333333,0e2ca3a9a1e8e218,0.1
0.3333333333333333,101df2256aecf75b,0.1
0.3333333333333333,1717ce53958590ba,0.10956445509415802
0.3333333333333333,1868815d0a7c6716,0.20383164261491254
0.3333333333333333,1991ac094bc47b5a,0.004786444422586555
0.3333333333333333,1e9be34e7c154aee,0.10096153846153846
0.3333333333333333,245b8a2be8abc37e,0.20495539844636462
0.3333333333333333,2982eb379acc1dcf,0.00197689142133584
0.3333333333333333,2a7630b9ddded8d5,0.2
0.3333333333333333,3159f31edc896059,0.00081967213114754
0.3333333333333333,3605a51c50d5daa0,0.0007352941176470499
0.3333333333333333,38e3fe88a50cb3ef,0.0
0.3333333333333333,3a831f177b4c7882,0.001136363636363625
0.3333333333333333,41450c0e975a1c31,0.10337408481834506
0.3333333333333333,4381c0fb4c396040,0.2512145748987854
0.3333333333333333,44e03bc01ee3055a,0.35
0.3333333333333333,47bf27669a8fa08a,0.012381349880685632
0.3333333333333333,486ee1ca9e71adc6,0.0
0.3333333333333333,4910c9193fca9a21,0.001249999999999995
0.3333333333333333,4a78cd4f429333ac,0.007501534548298309
0.3333333333333333,4d3a619d3d16b595,0.35
0.3333333333333333,4e12766ab5ee9a6f,0.35127118644067795
0.3333333333333333,5406f38bad958fff,0.1
0.3333333333333333,5b6660299c28d21a,0.10611670301209652
0.3333333333333333,5d8a6dda9c034943,0.0
0.3333333333333333,6354b26bfd6b0d3b,0.00352426688009959
0.3333333333333333,663b72de42e74e86,0.001339285714285695
0.3333333333333333,66eb648c6256c151,0.0019685039370078506
0.3333333333333333,67f63c1627c03412,0.35506893525135147
0.3333333333333333,6d1d8e613ece86e7,0.003938301576791985
0.3333333333333333,6f3466b968e73ba3,0.2559306238788371
0.3333333333333333,71fe74132803f26b,0.0
0.3333333333333333,76825b753db42030,0.201255230125523
0.3333333333333333,78001bdfb89f1ad1,0.45150000000000007
0.3333333333333333,7b925779bf22fd74,0.0058790319614550005
0.3333333333333333,7be724e7d2299999,0.006654435979137789
0.3333333333333333,82da82d3e55219a5,0.011465992647058807
0.3333333333333333,8acfa77cf5234bd4,0.006964873748131664
0.3333333333333333,9332a9cf5d92314a,0.00515283030599099
0.3333333333333333,9f60113cec74b0ee,0.00214688005353258
0.3333333333333333,a2f68f9c135648a0,0.1
0.3333333333333333,a3ecb75bd15d05d8,0.1
0.3333333333333333,a4a471e79162ce6a,0.00132158590308369
0.3333333333333333,aa0070de67183c08,0.00199203187250995
0.3333333333333333,aa6bc6d9ff6d7768,0.20135746606334842
0.3333333333333333,acd5a3fd547677f6,0.0035833333333333247
0.3333333333333333,b5124e1b88000bd7,0.0013513513513513501
0.3333333333333333,b62f26029c55da5d,0.10405405405405403
0.3333333333333333,b7036711cecf282e,0.20365724680599034
0.3333333333333333,bc83dba623c24f83,0.10424651372019791
0.3333333333333333,bd981ed06e640944,0.005612881841188115
0.3333333333333333,c0b0a6fd8196e526,0.35
0.3333333333333333,c0da6f9a810ac96e,0.0
0.3333333333333333,c4e140c6b10a0649,0.0038209159261790603
0.3333333333333333,ceab4fde9bc557e9,0.00697115384615384
0.3333333333333333,cfd0baecd1304030,0.35
0.3333333333333333,d437bb99475d3d83,0.003125
0.3333333333333333,df593c445aa37cdd,0.0020955662599767854
0.3333333333333333,e0cbaf79c0d6e3eb,0.1
0.3333333333333333,e3664a91fc92d1d6,0.0043452494096874305
0.3333333333333333,e55575bab6cd051d,0.1
0.3333333333333333,eac6ec2b274f3fe8,0.029775971775635707
0.3333333333333333,eb5cda6e1fe9f6b5,0.21129091859542867
0.3333333333333333,ecbc64034f374904,0.501219512195122
0.3333333333333333,f16d6af3f8b8b330,0.20654457130338644
0.3333333333333333,f2e24c35c5249c8b,0.003955714450467055
0.36,018ccdd70b67d50b,0.20543802948052975
0.36,0545ede9161cd87b,0.35
0.36,0822110b214bf434,0.14239509214165696
0.36,0dbb1e13fa00f0f6,0.35
0.36,0e2ca3a9a1e8e218,0.1
0.36,101df2256aecf75b,0.1
0.36,1717ce53958590ba,0.10957199278260021
0.36,1868815d0a7c6716,0.20375531944875008
0.36,1991ac094bc47b5a,0.004786444422586555
0.36,1e9be34e7c154aee,0.1
0.36,245b8a2be8abc37e,0.20494370253993194
0.36,2982eb379acc1dcf,0.00197689142133584
0.36,2a7630b9ddded8d5,0.2
0.36,3159f31edc896059,0.0027959567161277648
0.36,3605a51c50d5daa0,0.0007352941176470499
0.36,38e3fe88a50cb3ef,0.0
0.36,3a831f177b4c7882,0.001136363636363625
0.36,41450c0e975a1c31,0.0033602976312376146
0.36,4381c0fb4c396040,0.2512145748987854
0.36,44e03bc01ee3055a,0.35
0.36,47bf27669a8fa08a,0.012381349880685632
0.36,486ee1ca9e71adc6,0.0
0.36,4910c9193fca9a21,0.001249999999999995
0.36,4a78cd4f429333ac,0.004400843929500535
0.36,4d3a619d3d16b595,0.45
0.36,4e12766ab5ee9a6f,0.2512711864406779
0.36,5406f38bad958fff,0.1
0.36,5b6660299c28d21a,0.1048614728865735
0.36,5d8a6dda9c034943,0.0
0.36,6354b26bfd6b0d3b,0.003536240060176215
0.36,663b72de42e74e86,0.001339285714285695
0.36,66eb648c6256c151,0.0019685039370078506
0.36,67f63c1627c03412,0.2558953815323432
0.36,6d1d8e613ece86e7,0.00383055327682071
0.36,6f3466b968e73ba3,0.2558713620186734
0.36,71fe74132803f26b,0.0
0.36,76825b753db42030,0.201255230125523
0.36,78001bdfb89f1ad1,0.45150000000000007
0.36,7b925779bf22fd74,0.0058790319614550005
0.36,7be724e7d2299999,0.006640942887600665
0.36,82da82d3e55219a5,0.017021548202614357
0.36,8acfa77cf5234bd4,0.006964873748131664
0.36,9332a9cf5d92314a,0.00424824510176643
0.36,9f60113cec74b0ee,0.0012658227848101199
0.36,a2f68f9c135648a0,0.1
0.36,a3ecb75bd15d05d8,0.1
0.36,a4a471e79162ce6a,0.00132158590308369
0.36,aa0070de67183c08,0.001930501930501925
0.36,aa6bc6d9ff6d7768,0.20135746606334842
0.36,acd5a3fd547677f6,0.0015
0.36,b5124e1b88000bd7,0.0013513513513513501
0.36,b62f26029c55da5d,0.10405405405405403
0.36,b7036711cecf282e,0.20365724680599034
0.36,bc83dba623c24f83,0.10222222222222219
0.36,bd981ed06e640944,0.10482197440347216
0.36,c0b0a6fd8196e526,0.35
0.36,c0da6f9a810ac96e,0.0
0.36,c4e140c6b10a0649,0.0038209159261790603
0.36,ceab4fde9bc557e9,0.00270270270270269
0.36,cfd0baecd1304030,0.35
0.36,d437bb99475d3d83,0.0032258064516128998
0.36,df593c445aa37cdd,0.006841847974762405
0.36,e0cbaf79c0d6e3eb,0.1
0.36,e3664a91fc92d1d6,0.0043452494096874305
0.36,e55575bab6cd051d,0.0
0.36,eac6ec2b274f3fe8,0.018439500764844113
0.36,eb5cda6e1fe9f6b5,0.21161243263225363
0.36,ecbc64034f374904,0.5012765957446809
0.36,f16d6af3f8b8b330,0.20654457130338644
0.36,f2e24c35c5249c8b,0.003955714450467055
0.4,018ccdd70b67d50b,0.20543802948052975
0.4,0545ede9161cd87b,0.35
0.4,0822110b214bf434,0.15489509214165698
0.4,0dbb1e13fa00f0f6,0.101171875
0.4,0e2ca3a9a1e8e218,0.1
0.4,101df2256aecf75b,0.1
0.4,1717ce53958590ba,0.10945058641119387
0.4,1868815d0a7c6716,0.45324054559862414
0.4,1991ac094bc47b5a,0.0026943942133815296
0.4,1e9be34e7c154aee,0.1
0.4,245b8a2be8abc37e,0.20494370253993194
0.4,2982eb379acc1dcf,0.0018706920319823302
0.4,2a7630b9ddded8d5,0.2024752475247525
0.4,3159f31edc896059,0.00081967213114754
0.4,3605a51c50d5daa0,0.0030288720992984
0.4,38e3fe88a50cb3ef,0.0
0.4,3a831f177b4c7882,0.001136363636363625
0.4,41450c0e975a1c31,0.0033602976312376146
0.4,4381c0fb4c396040,0.25
0.4,44e03bc01ee3055a,0.35
0.4,47bf27669a8fa08a,0.010576295729061104
0.4,486ee1ca9e71adc6,0.0
0.4,4910c9193fca9a21,0.0034291431690012405
0.4,4a78cd4f429333ac,0.006273503105530484
0.4,4d3a619d3d16b595,0.3513636363636364
0.4,4e12766ab5ee9a6f,0.003209170936801985
0.4,5406f38bad958fff,0.1
0.4,5b6660299c28d21a,0.1048614728865735
0.4,5d8a6dda9c034943,0.0
0.4,6354b26bfd6b0d3b,0.003506613590703315
0.4,663b72de42e74e86,0.001339285714285695
0.4,66eb648c6256c151,0.0019685039370078506
0.4,67f63c1627c03412,0.2558953815323432
0.4,6d1d8e613ece86e7,0.003938301576791985
0.4,6f3466b968e73ba3,0.2558713620186734
0.4,71fe74132803f26b,0.0
0.4,76825b753db42030,0.20132743362831856
0.4,78001bdfb89f1ad1,0.20141509433962262
0.4,7b925779bf22fd74,0.005776606527171151
0.4,7be724e7d2299999,0.006695710126833926
0.4,82da82d3e55219a5,0.011465992647058807
0.4,8acfa77cf5234bd4,0.00697564670800239
0.4,9332a9cf5d92314a,0.004092119940934785
0.4,9f60113cec74b0ee,0.0021522437094004198
0.4,a2f68f9c135648a0,0.1
0.4,a3ecb75bd15d05d8,0.1
0.4,a4a471e79162ce6a,0.00136363636363635
0.4,aa0070de67183c08,0.001930501930501925
0.4,aa6bc6d9ff6d7768,0.20135746606334842
0.4,acd5a3fd547677f6,0.0036645021645021507
0.4,b5124e1b88000bd7,0.0013513513513513501
0.4,b62f26029c55da5d,0.10405405405405403
0.4,b7036711cecf282e,0.20515724680599035
0.4,bc83dba623c24f83,0.0030065359477123898
0.4,bd981ed06e640944,0.005665856260012245
0.4,c0b0a6fd8196e526,0.35
0.4,c0da6f9a810ac96e,0.0
0.4,c4e140c6b10a0649,0.003754152823920235
0.4,ceab4fde9bc557e9,0.0038461538461538394
0.4,cfd0baecd1304030,0.45625
0.4,d437bb99475d3d83,0.003125
0.4,df593c445aa37cdd,0.007135787476668555
0.4,e0cbaf79c0d6e3eb,0.10413373860182369
0.4,e3664a91fc92d1d6,0.004292278631899829
0.4,e55575bab6cd051d,0.00121457489878542
0.4,eac6ec2b274f3fe8,0.011898947434509971
0.4,eb5cda6e1fe9f6b5,0.21126780415583823
0.4,ecbc64034f374904,0.25316503748695074
0.4,f16d6af3f8b8b330,0.20362084008475628
0.4,f2e24c35c5249c8b,0.004088694148301415
0.44,018ccdd70b67d50b,0.20543802948052975
0.44,0545ede9161cd87b,0.35
0.44,0822110b214bf434,0.4048405848041307
0.44,0dbb1e13fa00f0f6,0.101171875
0.44,0e2ca3a9a1e8e218,0.1
0.44,101df2256aecf75b,0.1
0.44,1717ce53958590ba,0.01046859443591234
0.44,1868815d0a7c6716,0.4531650698317365
0.44,1991ac094bc47b5a,0.0026943942133815296
0.44,1e9be34e7c154aee,0.1
0.44,245b8a2be8abc37e,0.2049764659347038
0.44,2982eb379acc1dcf,0.004048337283631355
0.44,2a7630b9ddded8d5,0.2
0.44,3159f31edc896059,0.00080321285140562
0.44,3605a51c50d5daa0,0.0030288720992984
0.44,38e3fe88a50cb3ef,0.1
0.44,3a831f177b4c7882,0.001136363636363625
0.44,41450c0e975a1c31,0.1032506485084306
0.44,4381c0fb4c396040,0.25
0.44,44e03bc01ee3055a,0.35
0.44,47bf27669a8fa08a,0.010614787616895745
0.44,486ee1ca9e71adc6,0.0
0.44,4910c9193fca9a21,0.0012552301255230151
0.44,4a78cd4f429333ac,0.00621498583332854
0.44,4d3a619d3d16b595,0.45136363636363636
0.44,4e12766ab5ee9a6f,0.2512711864406779
0.44,5406f38bad958fff,0.1
0.44,5b6660299c28d21a,0.1048614728865735
0.44,5d8a6dda9c034943,0.0
0.44,6354b26bfd6b0d3b,0.00360518310068964
0.44,663b72de42e74e86,0.001339285714285695
0.44,66eb648c6256c151,0.0019685039370078506
0.44,67f63c1627c03412,0.3559389704712141
0.44,6d1d8e613ece86e7,0.003938301576791985
0.44,6f3466b968e73ba3,0.2558713620186734
0.44,71fe74132803f26b,0.00087336244541484
0.44,76825b753db42030,0.20132743362831856
0.44,78001bdfb89f1ad1,0.20141509433962262
0.44,7b925779bf22fd74,0.005776606527171151
0.44,7be724e7d2299999,0.0056835621927300295
0.44,82da82d3e55219a5,0.02428650546757163
0.44,8acfa77cf5234bd4,0.00697564670800239
0.44,9332a9cf5d92314a,0.004210243095260505
0.44,9f60113cec74b0ee,0.0012711864406779602
0.44,a2f68f9c135648a0,0.1
0.44,a3ecb75bd15d05d8,0.1
0.44,a4a471e79162ce6a,0.10132158590308368
0.44,aa0070de67183c08,0.001930501930501925
0.44,aa6bc6d9ff6d7768,0.20135746606334842
0.44,acd5a3fd547677f6,0.0035833333333333247
0.44,b5124e1b88000bd7,0.0013513513513513501
0.44,b62f26029c55da5d,0.10405405405405403
0.44,b7036711cecf282e,0.20515724680599035
0.44,bc83dba623c24f83,0.0086324786324786
0.44,bd981ed06e640944,0.10481288184118812
0.44,c0b0a6fd8196e526,0.35
0.44,c0da6f9a810ac96e,0.10141509433962263
0.44,c4e140c6b10a0649,0.004596778593799415
0.44,ceab4fde9bc557e9,0.0038461538461538394
0.44,cfd0baecd1304030,0.20625
0.44,d437bb99475d3d83,0.00344827586206896
0.44,df593c445aa37cdd,0.007095566259976755
0.44,e0cbaf79c0d6e3eb,0.20127659574468085
0.44,e3664a91fc92d1d6,0.0043452494096874305
0.44,e55575bab6cd051d,0.00121457489878542
0.44,eac6ec2b274f3fe8,0.009265966813766987
0.44,eb5cda6e1fe9f6b5,0.21126780415583823
0.44,ecbc64034f374904,0.2531880161321298
0.44,f16d6af3f8b8b330,0.20362084008475628
0.44,f2e24c35c5249c8b,0.003966504509982739
0.46,018ccdd70b67d50b,0.20543802948052975
0.46,0545ede9161cd87b,0.35
0.46,0822110b214bf434,0.15484455305809902
0.46,0dbb1e13fa00f0f6,0.101171875
0.46,0e2ca3a9a1e8e218,0.1
0.46,101df2256aecf75b,0.1
0.46,1717ce53958590ba,0.01043668778565481
0.46,1868815d0a7c6716,0.20502765160671946
0.46,1991ac094bc47b5a,0.0026943942133815296
0.46,1e9be34e7c154aee,0.1
0.46,245b8a2be8abc37e,0.2049764659347038
0.46,2982eb379acc1dcf,0.004048337283631355
0.46,2a7630b9ddded8d5,0.2
0.46,3159f31edc896059,0.0
0.46,3605a51c50d5daa0,0.0029476834981780253
0.46,38e3fe88a50cb3ef,0.1
0.46,3a831f177b4c7882,0.001136363636363625
0.46,41450c0e975a1c31,0.003208131501627865
0.46,4381c0fb4c396040,0.25
0.46,44e03bc01ee3055a,0.35
0.46,47bf27669a8fa08a,0.010558262764802434
0.46,486ee1ca9e71adc6,0.0
0.46,4910c9193fca9a21,0.0012552301255230151
0.46,4a78cd4f429333ac,0.00615736739542839
0.46,4d3a619d3d16b595,0.3514018691588785
0.46,4e12766ab5ee9a6f,0.35127118644067795
0.46,5406f38bad958fff,0.1
0.46,5b6660299c28d21a,0.1048614728865735
0.46,5d8a6dda9c034943,0.0
0.46,6354b26bfd6b0d3b,0.00360518310068964
0.46,663b72de42e74e86,0.001339285714285695
0.46,66eb648c6256c151,0.0019685039370078506
0.46,67f63c1627c03412,0.35589538153234324
0.46,6d1d8e613ece86e7,0.003938301576791985
0.46,6f3466b968e73ba3,0.2558713620186734
0.46,71fe74132803f26b,0.00087336244541484
0.46,76825b753db42030,0.20132743362831856
0.46,78001bdfb89f1ad1,0.20141509433962262
0.46,7b925779bf22fd74,0.005776606527171151
0.46,7be724e7d2299999,0.0056835621927300295
0.46,82da82d3e55219a5,0.011381959033613425
0.46,8acfa77cf5234bd4,0.00697564670800239
0.46,9332a9cf5d92314a,0.004210243095260505
0.46,9f60113cec74b0ee,0.004071505497338609
0.46,a2f68f9c135648a0,0.1
0.46,a3ecb75bd15d05d8,0.1
0.46,a4a471e79162ce6a,0.00132158590308369
0.46,aa0070de67183c08,0.001930501930501925
0.46,aa6bc6d9ff6d7768,0.20135746606334842
0.46,acd5a3fd547677f6,0.00437997795232189
0.46,b5124e1b88000bd7,0.0013513513513513501
0.46,b62f26029c55da5d,0.10405405405405403
0.46,b7036711cecf282e,0.20515724680599035
0.46,bc83dba623c24f83,0.0086324786324786
0.46,bd981ed06e640944,0.10476855560005335
0.46,c0b0a6fd8196e526,0.35
0.46,c0da6f9a810ac96e,0.001415094339622635
0.46,c4e140c6b10a0649,0.004596778593799415
0.46,ceab4fde9bc557e9,0.0
0.46,cfd0baecd1304030,0.45625
0.46,d437bb99475d3d83,0.00344827586206896
0.46,df593c445aa37cdd,0.007124795342914275
0.46,e0cbaf79c0d6e3eb,0.10413373860182369
0.46,e3664a91fc92d1d6,0.0043452494096874305
0.46,e55575bab6cd051d,0.00121457489878542
0.46,eac6ec2b274f3fe8,0.011976713274513457
0.46,eb5cda6e1fe9f6b5,0.21126780415583823
0.46,ecbc64034f374904,0.2531880161321298
0.46,f16d6af3f8b8b330,0.20362084008475628
0.46,f2e24c35c5249c8b,0.004111188444390625
