rho,is_cantor,g,retention,hausdorff_dim,alpha_field,alpha_sensitivity,kappa_implied,B_kappa_0.5,B_kappa_0.75,B_kappa_1.0,B_kappa_1.25,B_kappa_1.5,B_kappa_2.0,mu_K_3,new_cov_3,cum_cov_3,mu_K_4,new_cov_4,cum_cov_4,mu_K_5,new_cov_5,cum_cov_5,mu_K_6,new_cov_6,cum_cov_6
0.2,False,0.6,0.4,0.43067655807339306,2.5,12.499999999999998,2.9999999999999996,0.2,0.2,0.2,0.2,0.2,0.2,0.06400000000000002,0.03840000000000001,0.9359999999999999,0.025600000000000005,0.015360000000000002,0.9744,0.010240000000000003,0.006144000000000001,0.98976,0.0040960000000000015,0.0024576000000000008,0.995904
0.22,False,0.56,0.44,0.4577864638646237,2.272727272727273,10.330578512396695,2.545454545454546,0.22,0.22,0.22,0.22,0.22,0.22,0.085184,0.04770304,0.914816,0.03748096,0.0209893376,0.96251904,0.0164916224,0.009235308544,0.9835083776,0.007256313856,0.00406353575936,0.992743686144
0.24,False,0.52,0.48,0.4856977343301681,2.0833333333333335,8.680555555555555,2.166666666666667,0.24,0.24,0.24,0.24,0.24,0.24,0.11059199999999998,0.05750783999999999,0.889408,0.05308415999999999,0.027603763199999996,0.94691584,0.025480396799999996,0.013249806335999998,0.9745196032,0.012230590463999998,0.006359907041279999,0.987769409536
0.26,False,0.48,0.52,0.5145577464203551,1.923076923076923,7.396449704142011,1.846153846153846,0.26,0.26,0.26,0.26,0.26,0.24,0.140608,0.06749184,0.8593919999999999,0.07311616000000001,0.0350957568,0.92688384,0.038020403200000004,0.018249793536,0.9619795968,0.019770609664000006,0.009489892638720002,0.980229390336
0.28,False,0.43999999999999995,0.56,0.5445136453638603,1.7857142857142856,6.377551020408163,1.5714285714285712,0.28,0.28,0.28,0.28,0.28,0.21999999999999997,0.17561600000000005,0.07727104000000001,0.824384,0.09834496000000004,0.043271782400000014,0.90165504,0.05507317760000002,0.024232198144000006,0.9449268224,0.030840979456000017,0.013570030960640005,0.9691590205439999
0.3,False,0.4,0.6,0.5757166424934449,1.6666666666666667,5.555555555555555,1.3333333333333335,0.3,0.3,0.3,0.3,0.26666666666666666,0.2,0.21599999999999997,0.08639999999999999,0.784,0.1296,0.05184,0.8704000000000001,0.07775999999999998,0.031103999999999993,0.9222400000000001,0.04665599999999999,0.018662399999999996,0.953344
0.31,False,0.38,0.62,0.5918350859832762,1.6129032258064517,5.202913631633715,1.2258064516129032,0.31,0.31,0.31,0.304,0.25333333333333335,0.19,0.23832799999999998,0.09056464,0.761672,0.14776335999999998,0.0561500768,0.85223664,0.09161328319999999,0.034813047616,0.9083867168,0.056800235584,0.02158408952192,0.943199764416
0.32,False,0.36,0.64,0.608325719865459,1.5625,4.8828125,1.125,0.32,0.32,0.32,0.288,0.24,0.18,0.26214400000000004,0.09437184000000001,0.737856,0.16777216,0.0603979776,0.83222784,0.10737418240000002,0.038654705664000005,0.8926258175999999,0.06871947673600001,0.024739011624960002,0.931280523264
0.3333333333333333,True,0.33333333333333337,0.6666666666666666,0.6309297535714574,1.5,4.5,1.0000000000000002,0.3333333333333333,0.3333333333333333,0.3333333333333333,0.2666666666666667,0.22222222222222224,0.16666666666666669,0.2962962962962962,0.09876543209876541,0.7037037037037037,0.19753086419753083,0.06584362139917695,0.8024691358024691,0.13168724279835387,0.04389574759945129,0.8683127572016461,0.08779149519890257,0.029263831732967528,0.9122085048010974
0.34,False,0.31999999999999995,0.68,0.6425110984624157,1.4705882352941175,4.3252595155709335,0.9411764705882351,0.34,0.34,0.31999999999999995,0.25599999999999995,0.2133333333333333,0.15999999999999998,0.31443200000000004,0.10061824,0.685568,0.21381376000000007,0.06842040320000001,0.7861862399999999,0.14539335680000004,0.04652587417600001,0.8546066431999999,0.09886748262400004,0.031637594439680006,0.901132517376
0.35,False,0.30000000000000004,0.7,0.6602520221136932,1.4285714285714286,4.0816326530612255,0.8571428571428573,0.35,0.35,0.30000000000000004,0.24000000000000005,0.20000000000000004,0.15000000000000002,0.3429999999999999,0.10289999999999999,0.657,0.24009999999999995,0.07203,0.7599,0.16806999999999994,0.05042099999999999,0.8319300000000001,0.11764899999999996,0.03529469999999999,0.882351
0.36,False,0.28,0.72,0.6784577244283622,1.3888888888888888,3.858024691358025,0.7777777777777779,0.36,0.36,0.28,0.22400000000000003,0.18666666666666668,0.14,0.37324799999999997,0.10450944,0.626752,0.26873855999999996,0.0752467968,0.73126144,0.19349176319999997,0.054177693696,0.8065082368000001,0.13931406950399997,0.039007939461119995,0.8606859304960001
0.38,False,0.24,0.76,0.7163689785557368,1.3157894736842106,3.4626038781163433,0.631578947368421,0.38,0.32,0.24,0.192,0.16,0.12,0.43897600000000003,0.10535424,0.561024,0.33362176,0.0800692224,0.66637824,0.2535525376,0.060852609024,0.7464474623999999,0.19269992857600002,0.04624798285824,0.807300071424
0.4,False,0.19999999999999996,0.8,0.75647079736603,1.25,3.1249999999999996,0.4999999999999999,0.3999999999999999,0.2666666666666666,0.19999999999999996,0.15999999999999998,0.1333333333333333,0.09999999999999998,0.5120000000000001,0.1024,0.4879999999999999,0.4096000000000001,0.08191999999999999,0.5903999999999999,0.3276800000000001,0.065536,0.6723199999999999,0.2621440000000001,0.05242880000000001,0.7378559999999998
0.42,False,0.16000000000000003,0.84,0.799016399947621,1.1904761904761905,2.8344671201814062,0.38095238095238104,0.32000000000000006,0.21333333333333337,0.16000000000000003,0.12800000000000003,0.10666666666666669,0.08000000000000002,0.5927039999999999,0.09483264,0.4072960000000001,0.49787135999999993,0.0796594176,0.50212864,0.4182119423999999,0.066913910784,0.5817880576000001,0.35129803161599993,0.05620768505856,0.6487019683840001
0.44,False,0.12,0.88,0.8442918395720879,1.1363636363636365,2.5826446280991737,0.2727272727272727,0.24,0.16,0.12,0.096,0.08,0.06,0.681472,0.08177664,0.31852800000000003,0.59969536,0.0719634432,0.40030464,0.5277319168,0.063327830016,0.4722680832,0.464404086784,0.05572849041408,0.535595913216
0.46,False,0.07999999999999996,0.92,0.8926226431439233,1.0869565217391304,2.3629489603024574,0.17391304347826078,0.15999999999999992,0.10666666666666662,0.07999999999999996,0.06399999999999997,0.05333333333333331,0.03999999999999998,0.778688,0.062295039999999975,0.22131199999999995,0.7163929600000001,0.057311436799999976,0.2836070399999999,0.6590815232000001,0.052726521855999985,0.34091847679999987,0.6063550013440001,0.048508400107519986,0.3936449986559999
0.48,False,0.040000000000000036,0.96,0.9443818679227304,1.0416666666666667,2.170138888888889,0.08333333333333341,0.08000000000000007,0.05333333333333338,0.040000000000000036,0.03200000000000003,0.02666666666666669,0.020000000000000018,0.8847359999999999,0.03538944000000003,0.11526400000000014,0.8493465599999999,0.03397386240000003,0.15065344000000014,0.8153726975999999,0.032614907904000026,0.18462730240000014,0.7827577896959999,0.03131031158784002,0.21724221030400015
